,Date,State/UT,Latitude,Longitude,Confirmed,Active,Deaths,Mortality rate,Cured,Recovery rate
0,2020/01/30,Kerala,10.8505,76.2711,1,1,0,0.0,0,0.0
1,2020/01/31,Kerala,10.8505,76.2711,1,1,0,0.0,0,0.0
2,2020/02/01,Kerala,10.8505,76.2711,2,2,0,0.0,0,0.0
3,2020/02/02,Kerala,10.8505,76.2711,3,3,0,0.0,0,0.0
4,2020/02/03,Kerala,10.8505,76.2711,3,3,0,0.0,0,0.0
5,2020/02/04,Kerala,10.8505,76.2711,3,3,0,0.0,0,0.0
6,2020/02/05,Kerala,10.8505,76.2711,3,3,0,0.0,0,0.0
7,2020/02/06,Kerala,10.8505,76.2711,3,3,0,0.0,0,0.0
8,2020/02/07,Kerala,10.8505,76.2711,3,3,0,0.0,0,0.0
9,2020/02/08,Kerala,10.8505,76.2711,3,3,0,0.0,0,0.0
10,2020/02/09,Kerala,10.8505,76.2711,3,3,0,0.0,0,0.0
11,2020/02/10,Kerala,10.8505,76.2711,3,3,0,0.0,0,0.0
12,2020/02/11,Kerala,10.8505,76.2711,3,3,0,0.0,0,0.0
13,2020/02/12,Kerala,10.8505,76.2711,3,3,0,0.0,0,0.0
14,2020/02/13,Kerala,10.8505,76.2711,3,3,0,0.0,0,0.0
15,2020/02/14,Kerala,10.8505,76.2711,3,3,0,0.0,0,0.0
16,2020/02/15,Kerala,10.8505,76.2711,3,3,0,0.0,0,0.0
17,2020/02/16,Kerala,10.8505,76.2711,3,3,0,0.0,0,0.0
18,2020/02/17,Kerala,10.8505,76.2711,3,3,0,0.0,0,0.0
19,2020/02/18,Kerala,10.8505,76.2711,3,3,0,0.0,0,0.0
20,2020/02/19,Kerala,10.8505,76.2711,3,3,0,0.0,0,0.0
21,2020/02/20,Kerala,10.8505,76.2711,3,3,0,0.0,0,0.0
22,2020/02/21,Kerala,10.8505,76.2711,3,3,0,0.0,0,0.0
23,2020/02/22,Kerala,10.8505,76.2711,3,3,0,0.0,0,0.0
24,2020/02/23,Kerala,10.8505,76.2711,3,3,0,0.0,0,0.0
25,2020/02/24,Kerala,10.8505,76.2711,3,3,0,0.0,0,0.0
26,2020/02/25,Kerala,10.8505,76.2711,3,3,0,0.0,0,0.0
27,2020/02/26,Kerala,10.8505,76.2711,3,3,0,0.0,0,0.0
28,2020/02/27,Kerala,10.8505,76.2711,3,3,0,0.0,0,0.0
29,2020/02/28,Kerala,10.8505,76.2711,3,3,0,0.0,0,0.0
30,2020/02/29,Kerala,10.8505,76.2711,3,3,0,0.0,0,0.0
31,2020/03/01,Kerala,10.8505,76.2711,3,3,0,0.0,0,0.0
32,2020/03/02,Delhi,28.7041,77.1025,1,1,0,0.0,0,0.0
33,2020/03/02,Kerala,10.8505,76.2711,3,3,0,0.0,0,0.0
34,2020/03/02,Telengana,18.1124,79.0193,1,1,0,0.0,0,0.0
35,2020/03/03,Delhi,28.7041,77.1025,1,1,0,0.0,0,0.0
36,2020/03/03,Kerala,10.8505,76.2711,3,0,0,0.0,3,1.0
37,2020/03/03,Rajasthan,27.0238,74.2179,0,0,0,,0,
38,2020/03/03,Telengana,18.1124,79.0193,1,1,0,0.0,0,0.0
39,2020/03/04,Delhi,28.7041,77.1025,1,1,0,0.0,0,0.0
40,2020/03/04,Haryana,29.0588,76.0856,14,14,0,0.0,0,0.0
41,2020/03/04,Kerala,10.8505,76.2711,3,0,0,0.0,3,1.0
42,2020/03/04,Rajasthan,27.0238,74.2179,1,1,0,0.0,0,0.0
43,2020/03/04,Telengana,18.1124,79.0193,1,1,0,0.0,0,0.0
44,2020/03/04,Uttar Pradesh,26.8467,80.9462,6,6,0,0.0,0,0.0
45,2020/03/05,Delhi,28.7041,77.1025,2,2,0,0.0,0,0.0
46,2020/03/05,Haryana,29.0588,76.0856,14,14,0,0.0,0,0.0
47,2020/03/05,Kerala,10.8505,76.2711,3,0,0,0.0,3,1.0
48,2020/03/05,Rajasthan,27.0238,74.2179,1,1,0,0.0,0,0.0
49,2020/03/05,Telengana,18.1124,79.0193,1,1,0,0.0,0,0.0
50,2020/03/05,Uttar Pradesh,26.8467,80.9462,7,7,0,0.0,0,0.0
51,2020/03/06,Delhi,28.7041,77.1025,3,3,0,0.0,0,0.0
52,2020/03/06,Haryana,29.0588,76.0856,14,14,0,0.0,0,0.0
53,2020/03/06,Kerala,10.8505,76.2711,3,0,0,0.0,3,1.0
54,2020/03/06,Rajasthan,27.0238,74.2179,1,1,0,0.0,0,0.0
55,2020/03/06,Telengana,18.1124,79.0193,1,1,0,0.0,0,0.0
56,2020/03/06,Uttar Pradesh,26.8467,80.9462,7,7,0,0.0,0,0.0
57,2020/03/07,Delhi,28.7041,77.1025,3,3,0,0.0,0,0.0
58,2020/03/07,Haryana,29.0588,76.0856,14,14,0,0.0,0,0.0
59,2020/03/07,Kerala,10.8505,76.2711,3,0,0,0.0,3,1.0
60,2020/03/07,Rajasthan,27.0238,74.2179,1,1,0,0.0,0,0.0
61,2020/03/07,Tamil Nadu,11.1271,78.6569,1,1,0,0.0,0,0.0
62,2020/03/07,Telengana,18.1124,79.0193,1,1,0,0.0,0,0.0
63,2020/03/07,Ladakh,34.2996,78.2932,2,2,0,0.0,0,0.0
64,2020/03/07,Uttar Pradesh,26.8467,80.9462,7,7,0,0.0,0,0.0
65,2020/03/08,Delhi,28.7041,77.1025,3,3,0,0.0,0,0.0
66,2020/03/08,Haryana,29.0588,76.0856,14,14,0,0.0,0,0.0
67,2020/03/08,Kerala,10.8505,76.2711,8,5,0,0.0,3,0.375
68,2020/03/08,Rajasthan,27.0238,74.2179,1,1,0,0.0,0,0.0
69,2020/03/08,Tamil Nadu,11.1271,78.6569,1,1,0,0.0,0,0.0
70,2020/03/08,Telengana,18.1124,79.0193,1,1,0,0.0,0,0.0
71,2020/03/08,Ladakh,34.2996,78.2932,2,2,0,0.0,0,0.0
72,2020/03/08,Uttar Pradesh,26.8467,80.9462,7,7,0,0.0,0,0.0
73,2020/03/09,Delhi,28.7041,77.1025,4,4,0,0.0,0,0.0
74,2020/03/09,Haryana,29.0588,76.0856,14,14,0,0.0,0,0.0
75,2020/03/09,Karnataka,15.3173,75.7139,1,1,0,0.0,0,0.0
76,2020/03/09,Kerala,10.8505,76.2711,9,6,0,0.0,3,0.3333333333333333
77,2020/03/09,Maharashtra,19.7515,75.7139,2,2,0,0.0,0,0.0
78,2020/03/09,Punjab,31.1471,75.3412,1,1,0,0.0,0,0.0
79,2020/03/09,Rajasthan,27.0238,74.2179,1,1,0,0.0,0,0.0
80,2020/03/09,Tamil Nadu,11.1271,78.6569,1,1,0,0.0,0,0.0
81,2020/03/09,Telengana,18.1124,79.0193,1,1,0,0.0,0,0.0
82,2020/03/09,Jammu and Kashmir,33.7782,76.5762,1,1,0,0.0,0,0.0
83,2020/03/09,Ladakh,34.2996,78.2932,2,2,0,0.0,0,0.0
84,2020/03/09,Uttar Pradesh,26.8467,80.9462,7,7,0,0.0,0,0.0
85,2020/03/10,Delhi,28.7041,77.1025,4,4,0,0.0,0,0.0
86,2020/03/10,Haryana,29.0588,76.0856,14,14,0,0.0,0,0.0
87,2020/03/10,Karnataka,15.3173,75.7139,4,4,0,0.0,0,0.0
88,2020/03/10,Kerala,10.8505,76.2711,15,12,0,0.0,3,0.2
89,2020/03/10,Maharashtra,19.7515,75.7139,5,5,0,0.0,0,0.0
90,2020/03/10,Punjab,31.1471,75.3412,1,1,0,0.0,0,0.0
91,2020/03/10,Rajasthan,27.0238,74.2179,1,1,0,0.0,0,0.0
92,2020/03/10,Tamil Nadu,11.1271,78.6569,1,1,0,0.0,0,0.0
93,2020/03/10,Telengana,18.1124,79.0193,1,1,0,0.0,0,0.0
94,2020/03/10,Jammu and Kashmir,33.7782,76.5762,1,1,0,0.0,0,0.0
95,2020/03/10,Ladakh,34.2996,78.2932,2,2,0,0.0,0,0.0
96,2020/03/10,Uttar Pradesh,26.8467,80.9462,7,7,0,0.0,0,0.0
97,2020/03/11,Delhi,28.7041,77.1025,5,5,0,0.0,0,0.0
98,2020/03/11,Haryana,29.0588,76.0856,14,14,0,0.0,0,0.0
99,2020/03/11,Karnataka,15.3173,75.7139,4,4,0,0.0,0,0.0
100,2020/03/11,Kerala,10.8505,76.2711,17,14,0,0.0,3,0.17647058823529413
101,2020/03/11,Maharashtra,19.7515,75.7139,10,10,0,0.0,0,0.0
102,2020/03/11,Punjab,31.1471,75.3412,1,1,0,0.0,0,0.0
103,2020/03/11,Rajasthan,27.0238,74.2179,3,3,0,0.0,0,0.0
104,2020/03/11,Tamil Nadu,11.1271,78.6569,1,1,0,0.0,0,0.0
105,2020/03/11,Telengana,18.1124,79.0193,1,1,0,0.0,0,0.0
106,2020/03/11,Jammu and Kashmir,33.7782,76.5762,1,1,0,0.0,0,0.0
107,2020/03/11,Ladakh,34.2996,78.2932,2,2,0,0.0,0,0.0
108,2020/03/11,Uttar Pradesh,26.8467,80.9462,9,9,0,0.0,0,0.0
109,2020/03/12,Andhra Pradesh,15.9129,79.74,1,1,0,0.0,0,0.0
110,2020/03/12,Delhi,28.7041,77.1025,6,6,0,0.0,0,0.0
111,2020/03/12,Haryana,29.0588,76.0856,14,14,0,0.0,0,0.0
112,2020/03/12,Karnataka,15.3173,75.7139,4,3,1,0.25,0,0.0
113,2020/03/12,Kerala,10.8505,76.2711,17,14,0,0.0,3,0.17647058823529413
114,2020/03/12,Maharashtra,19.7515,75.7139,11,11,0,0.0,0,0.0
115,2020/03/12,Punjab,31.1471,75.3412,1,1,0,0.0,0,0.0
116,2020/03/12,Rajasthan,27.0238,74.2179,3,3,0,0.0,0,0.0
117,2020/03/12,Tamil Nadu,11.1271,78.6569,1,1,0,0.0,0,0.0
118,2020/03/12,Telengana,18.1124,79.0193,1,1,0,0.0,0,0.0
119,2020/03/12,Jammu and Kashmir,33.7782,76.5762,1,1,0,0.0,0,0.0
120,2020/03/12,Ladakh,34.2996,78.2932,3,3,0,0.0,0,0.0
121,2020/03/12,Uttar Pradesh,26.8467,80.9462,11,11,0,0.0,0,0.0
122,2020/03/13,Andhra Pradesh,15.9129,79.74,1,1,0,0.0,0,0.0
123,2020/03/13,Delhi,28.7041,77.1025,6,6,0,0.0,0,0.0
124,2020/03/13,Haryana,29.0588,76.0856,14,14,0,0.0,0,0.0
125,2020/03/13,Karnataka,15.3173,75.7139,5,4,1,0.2,0,0.0
126,2020/03/13,Kerala,10.8505,76.2711,17,14,0,0.0,3,0.17647058823529413
127,2020/03/13,Maharashtra,19.7515,75.7139,11,11,0,0.0,0,0.0
128,2020/03/13,Punjab,31.1471,75.3412,1,1,0,0.0,0,0.0
129,2020/03/13,Rajasthan,27.0238,74.2179,3,3,0,0.0,0,0.0
130,2020/03/13,Tamil Nadu,11.1271,78.6569,1,1,0,0.0,0,0.0
131,2020/03/13,Telengana,18.1124,79.0193,1,1,0,0.0,0,0.0
132,2020/03/13,Jammu and Kashmir,33.7782,76.5762,1,1,0,0.0,0,0.0
133,2020/03/13,Ladakh,34.2996,78.2932,3,3,0,0.0,0,0.0
134,2020/03/13,Uttar Pradesh,26.8467,80.9462,11,11,0,0.0,0,0.0
135,2020/03/14,Andhra Pradesh,15.9129,79.74,1,1,0,0.0,0,0.0
136,2020/03/14,Delhi,28.7041,77.1025,7,5,1,0.14285714285714285,1,0.14285714285714285
137,2020/03/14,Haryana,29.0588,76.0856,14,14,0,0.0,0,0.0
138,2020/03/14,Karnataka,15.3173,75.7139,6,5,1,0.16666666666666666,0,0.0
139,2020/03/14,Kerala,10.8505,76.2711,19,16,0,0.0,3,0.15789473684210525
140,2020/03/14,Maharashtra,19.7515,75.7139,14,14,0,0.0,0,0.0
141,2020/03/14,Punjab,31.1471,75.3412,1,1,0,0.0,0,0.0
142,2020/03/14,Rajasthan,27.0238,74.2179,3,2,0,0.0,1,0.3333333333333333
143,2020/03/14,Tamil Nadu,11.1271,78.6569,1,1,0,0.0,0,0.0
144,2020/03/14,Telengana,18.1124,79.0193,1,1,0,0.0,0,0.0
145,2020/03/14,Jammu and Kashmir,33.7782,76.5762,2,2,0,0.0,0,0.0
146,2020/03/14,Ladakh,34.2996,78.2932,3,3,0,0.0,0,0.0
147,2020/03/14,Uttar Pradesh,26.8467,80.9462,12,7,0,0.0,5,0.4166666666666667
148,2020/03/15,Andhra Pradesh,15.9129,79.74,1,1,0,0.0,0,0.0
149,2020/03/15,Delhi,28.7041,77.1025,7,4,1,0.14285714285714285,2,0.2857142857142857
150,2020/03/15,Haryana,29.0588,76.0856,14,14,0,0.0,0,0.0
151,2020/03/15,Karnataka,15.3173,75.7139,6,5,1,0.16666666666666666,0,0.0
152,2020/03/15,Kerala,10.8505,76.2711,23,20,0,0.0,3,0.13043478260869565
153,2020/03/15,Maharashtra,19.7515,75.7139,32,32,0,0.0,0,0.0
154,2020/03/15,Punjab,31.1471,75.3412,1,1,0,0.0,0,0.0
155,2020/03/15,Rajasthan,27.0238,74.2179,4,1,0,0.0,3,0.75
156,2020/03/15,Tamil Nadu,11.1271,78.6569,1,1,0,0.0,0,0.0
157,2020/03/15,Telengana,18.1124,79.0193,3,2,0,0.0,1,0.3333333333333333
158,2020/03/15,Jammu and Kashmir,33.7782,76.5762,2,2,0,0.0,0,0.0
159,2020/03/15,Ladakh,34.2996,78.2932,3,3,0,0.0,0,0.0
160,2020/03/15,Uttar Pradesh,26.8467,80.9462,13,9,0,0.0,4,0.3076923076923077
161,2020/03/15,Uttarakhand,30.0668,79.0193,1,1,0,0.0,0,0.0
162,2020/03/16,Andhra Pradesh,15.9129,79.74,1,1,0,0.0,0,0.0
163,2020/03/16,Delhi,28.7041,77.1025,7,4,1,0.14285714285714285,2,0.2857142857142857
164,2020/03/16,Haryana,29.0588,76.0856,14,14,0,0.0,0,0.0
165,2020/03/16,Karnataka,15.3173,75.7139,6,5,1,0.16666666666666666,0,0.0
166,2020/03/16,Kerala,10.8505,76.2711,23,20,0,0.0,3,0.13043478260869565
167,2020/03/16,Maharashtra,19.7515,75.7139,32,32,0,0.0,0,0.0
168,2020/03/16,Odisha,20.9517,85.0985,1,1,0,0.0,0,0.0
169,2020/03/16,Punjab,31.1471,75.3412,1,1,0,0.0,0,0.0
170,2020/03/16,Rajasthan,27.0238,74.2179,4,1,0,0.0,3,0.75
171,2020/03/16,Tamil Nadu,11.1271,78.6569,1,1,0,0.0,0,0.0
172,2020/03/16,Telengana,18.1124,79.0193,3,2,0,0.0,1,0.3333333333333333
173,2020/03/16,Jammu and Kashmir,33.7782,76.5762,3,3,0,0.0,0,0.0
174,2020/03/16,Ladakh,34.2996,78.2932,4,4,0,0.0,0,0.0
175,2020/03/16,Uttar Pradesh,26.8467,80.9462,13,9,0,0.0,4,0.3076923076923077
176,2020/03/16,Uttarakhand,30.0668,79.0193,1,1,0,0.0,0,0.0
177,2020/03/17,Andhra Pradesh,15.9129,79.74,1,1,0,0.0,0,0.0
178,2020/03/17,Delhi,28.7041,77.1025,8,5,1,0.125,2,0.25
179,2020/03/17,Haryana,29.0588,76.0856,15,15,0,0.0,0,0.0
180,2020/03/17,Karnataka,15.3173,75.7139,11,10,1,0.09090909090909091,0,0.0
181,2020/03/17,Kerala,10.8505,76.2711,26,23,0,0.0,3,0.11538461538461539
182,2020/03/17,Maharashtra,19.7515,75.7139,39,38,1,0.02564102564102564,0,0.0
183,2020/03/17,Odisha,20.9517,85.0985,1,1,0,0.0,0,0.0
184,2020/03/17,Punjab,31.1471,75.3412,1,1,0,0.0,0,0.0
185,2020/03/17,Rajasthan,27.0238,74.2179,4,1,0,0.0,3,0.75
186,2020/03/17,Tamil Nadu,11.1271,78.6569,1,1,0,0.0,0,0.0
187,2020/03/17,Telengana,18.1124,79.0193,5,4,0,0.0,1,0.2
188,2020/03/17,Jammu and Kashmir,33.7782,76.5762,3,3,0,0.0,0,0.0
189,2020/03/17,Ladakh,34.2996,78.2932,6,6,0,0.0,0,0.0
190,2020/03/17,Uttar Pradesh,26.8467,80.9462,15,10,0,0.0,5,0.3333333333333333
191,2020/03/17,Uttarakhand,30.0668,79.0193,1,1,0,0.0,0,0.0
192,2020/03/18,Andhra Pradesh,15.9129,79.74,1,1,0,0.0,0,0.0
193,2020/03/18,Delhi,28.7041,77.1025,10,7,1,0.1,2,0.2
194,2020/03/18,Haryana,29.0588,76.0856,17,17,0,0.0,0,0.0
195,2020/03/18,Karnataka,15.3173,75.7139,11,10,1,0.09090909090909091,0,0.0
196,2020/03/18,Kerala,10.8505,76.2711,27,24,0,0.0,3,0.1111111111111111
197,2020/03/18,Maharashtra,19.7515,75.7139,42,41,1,0.023809523809523808,0,0.0
198,2020/03/18,Odisha,20.9517,85.0985,1,1,0,0.0,0,0.0
199,2020/03/18,Puducherry,11.9416,79.8083,1,1,0,0.0,0,0.0
200,2020/03/18,Punjab,31.1471,75.3412,1,1,0,0.0,0,0.0
201,2020/03/18,Rajasthan,27.0238,74.2179,4,1,0,0.0,3,0.75
202,2020/03/18,Tamil Nadu,11.1271,78.6569,1,1,0,0.0,0,0.0
203,2020/03/18,Telengana,18.1124,79.0193,6,5,0,0.0,1,0.16666666666666666
204,2020/03/18,Jammu and Kashmir,33.7782,76.5762,3,3,0,0.0,0,0.0
205,2020/03/18,Ladakh,34.2996,78.2932,8,8,0,0.0,0,0.0
206,2020/03/18,Uttar Pradesh,26.8467,80.9462,16,11,0,0.0,5,0.3125
207,2020/03/18,Uttarakhand,30.0668,79.0193,1,1,0,0.0,0,0.0
208,2020/03/18,West Bengal,22.9868,87.855,1,1,0,0.0,0,0.0
209,2020/03/19,Andhra Pradesh,15.9129,79.74,2,2,0,0.0,0,0.0
210,2020/03/19,Chhattisgarh,21.2787,81.8661,1,1,0,0.0,0,0.0
211,2020/03/19,Delhi,28.7041,77.1025,12,8,1,0.08333333333333333,3,0.25
212,2020/03/19,Haryana,29.0588,76.0856,17,17,0,0.0,0,0.0
213,2020/03/19,Karnataka,15.3173,75.7139,14,13,1,0.07142857142857142,0,0.0
214,2020/03/19,Kerala,10.8505,76.2711,27,24,0,0.0,3,0.1111111111111111
215,2020/03/19,Maharashtra,19.7515,75.7139,47,46,1,0.02127659574468085,0,0.0
216,2020/03/19,Odisha,20.9517,85.0985,1,1,0,0.0,0,0.0
217,2020/03/19,Puducherry,11.9416,79.8083,1,1,0,0.0,0,0.0
218,2020/03/19,Punjab,31.1471,75.3412,2,1,1,0.5,0,0.0
219,2020/03/19,Rajasthan,27.0238,74.2179,7,4,0,0.0,3,0.42857142857142855
220,2020/03/19,Tamil Nadu,11.1271,78.6569,2,1,0,0.0,1,0.5
221,2020/03/19,Telengana,18.1124,79.0193,6,5,0,0.0,1,0.16666666666666666
222,2020/03/19,Chandigarh,30.7333,76.7794,1,1,0,0.0,0,0.0
223,2020/03/19,Jammu and Kashmir,33.7782,76.5762,4,4,0,0.0,0,0.0
224,2020/03/19,Ladakh,34.2996,78.2932,8,8,0,0.0,0,0.0
225,2020/03/19,Uttar Pradesh,26.8467,80.9462,19,10,0,0.0,9,0.47368421052631576
226,2020/03/19,Uttarakhand,30.0668,79.0193,1,1,0,0.0,0,0.0
227,2020/03/19,West Bengal,22.9868,87.855,1,1,0,0.0,0,0.0
228,2020/03/20,Andhra Pradesh,15.9129,79.74,2,2,0,0.0,0,0.0
229,2020/03/20,Chhattisgarh,21.2787,81.8661,1,1,0,0.0,0,0.0
230,2020/03/20,Delhi,28.7041,77.1025,17,13,1,0.058823529411764705,3,0.17647058823529413
231,2020/03/20,Gujarat,22.2587,71.1924,2,2,0,0.0,0,0.0
232,2020/03/20,Haryana,29.0588,76.0856,17,17,0,0.0,0,0.0
233,2020/03/20,Karnataka,15.3173,75.7139,15,14,1,0.06666666666666667,0,0.0
234,2020/03/20,Kerala,10.8505,76.2711,28,25,0,0.0,3,0.10714285714285714
235,2020/03/20,Maharashtra,19.7515,75.7139,47,46,1,0.02127659574468085,0,0.0
236,2020/03/20,Odisha,20.9517,85.0985,1,1,0,0.0,0,0.0
237,2020/03/20,Puducherry,11.9416,79.8083,1,1,0,0.0,0,0.0
238,2020/03/20,Punjab,31.1471,75.3412,2,1,1,0.5,0,0.0
239,2020/03/20,Rajasthan,27.0238,74.2179,7,4,0,0.0,3,0.42857142857142855
240,2020/03/20,Tamil Nadu,11.1271,78.6569,3,2,0,0.0,1,0.3333333333333333
241,2020/03/20,Telengana,18.1124,79.0193,16,15,0,0.0,1,0.0625
242,2020/03/20,Chandigarh,30.7333,76.7794,1,1,0,0.0,0,0.0
243,2020/03/20,Jammu and Kashmir,33.7782,76.5762,4,4,0,0.0,0,0.0
244,2020/03/20,Ladakh,34.2996,78.2932,10,10,0,0.0,0,0.0
245,2020/03/20,Uttar Pradesh,26.8467,80.9462,19,10,0,0.0,9,0.47368421052631576
246,2020/03/20,Uttarakhand,30.0668,79.0193,1,1,0,0.0,0,0.0
247,2020/03/20,West Bengal,22.9868,87.855,1,1,0,0.0,0,0.0
248,2020/03/21,Andhra Pradesh,15.9129,79.74,3,3,0,0.0,0,0.0
249,2020/03/21,Chandigarh,30.7333,76.7794,1,1,0,0.0,0,0.0
250,2020/03/21,Chhattisgarh,21.2787,81.8661,1,1,0,0.0,0,0.0
251,2020/03/21,Delhi,28.7041,77.1025,26,20,1,0.038461538461538464,5,0.19230769230769232
252,2020/03/21,Gujarat,22.2587,71.1924,7,7,0,0.0,0,0.0
253,2020/03/21,Haryana,29.0588,76.0856,17,17,0,0.0,0,0.0
254,2020/03/21,Himachal Pradesh,31.1048,77.1734,2,2,0,0.0,0,0.0
255,2020/03/21,Jammu and Kashmir,33.7782,76.5762,4,4,0,0.0,0,0.0
256,2020/03/21,Karnataka,15.3173,75.7139,15,13,1,0.06666666666666667,1,0.06666666666666667
257,2020/03/21,Kerala,10.8505,76.2711,40,37,0,0.0,3,0.075
258,2020/03/21,Ladakh,34.2996,78.2932,13,13,0,0.0,0,0.0
259,2020/03/21,Madhya Pradesh,22.9734,78.6569,4,4,0,0.0,0,0.0
260,2020/03/21,Maharashtra,19.7515,75.7139,63,62,1,0.015873015873015872,0,0.0
261,2020/03/21,Odisha,20.9517,85.0985,2,2,0,0.0,0,0.0
262,2020/03/21,Puducherry,11.9416,79.8083,1,1,0,0.0,0,0.0
263,2020/03/21,Punjab,31.1471,75.3412,13,12,1,0.07692307692307693,0,0.0
264,2020/03/21,Rajasthan,27.0238,74.2179,17,14,0,0.0,3,0.17647058823529413
265,2020/03/21,Tamil Nadu,11.1271,78.6569,3,2,0,0.0,1,0.3333333333333333
266,2020/03/21,Telengana,18.1124,79.0193,21,20,0,0.0,1,0.047619047619047616
267,2020/03/21,Uttar Pradesh,26.8467,80.9462,24,15,0,0.0,9,0.375
268,2020/03/21,Uttarakhand,30.0668,79.0193,3,3,0,0.0,0,0.0
269,2020/03/21,West Bengal,22.9868,87.855,3,3,0,0.0,0,0.0
270,2020/03/22,Andhra Pradesh,15.9129,79.74,5,5,0,0.0,0,0.0
271,2020/03/22,Bihar,25.0961,85.3131,2,1,1,0.5,0,0.0
272,2020/03/22,Chandigarh,30.7333,76.7794,5,5,0,0.0,0,0.0
273,2020/03/22,Chhattisgarh,21.2787,81.8661,1,1,0,0.0,0,0.0
274,2020/03/22,Delhi,28.7041,77.1025,29,23,1,0.034482758620689655,5,0.1724137931034483
275,2020/03/22,Gujarat,22.2587,71.1924,18,17,1,0.05555555555555555,0,0.0
276,2020/03/22,Haryana,29.0588,76.0856,21,21,0,0.0,0,0.0
277,2020/03/22,Himachal Pradesh,31.1048,77.1734,2,2,0,0.0,0,0.0
278,2020/03/22,Jammu and Kashmir,33.7782,76.5762,4,4,0,0.0,0,0.0
279,2020/03/22,Karnataka,15.3173,75.7139,26,23,1,0.038461538461538464,2,0.07692307692307693
280,2020/03/22,Kerala,10.8505,76.2711,52,49,0,0.0,3,0.057692307692307696
281,2020/03/22,Ladakh,34.2996,78.2932,13,13,0,0.0,0,0.0
282,2020/03/22,Madhya Pradesh,22.9734,78.6569,4,4,0,0.0,0,0.0
283,2020/03/22,Maharashtra,19.7515,75.7139,67,65,2,0.029850746268656716,0,0.0
284,2020/03/22,Odisha,20.9517,85.0985,2,2,0,0.0,0,0.0
285,2020/03/22,Puducherry,11.9416,79.8083,1,1,0,0.0,0,0.0
286,2020/03/22,Punjab,31.1471,75.3412,21,20,1,0.047619047619047616,0,0.0
287,2020/03/22,Rajasthan,27.0238,74.2179,24,21,0,0.0,3,0.125
288,2020/03/22,Tamil Nadu,11.1271,78.6569,7,6,0,0.0,1,0.14285714285714285
289,2020/03/22,Telengana,18.1124,79.0193,22,21,0,0.0,1,0.045454545454545456
290,2020/03/22,Uttar Pradesh,26.8467,80.9462,27,18,0,0.0,9,0.3333333333333333
291,2020/03/22,Uttarakhand,30.0668,79.0193,3,3,0,0.0,0,0.0
292,2020/03/22,West Bengal,22.9868,87.855,4,4,0,0.0,0,0.0
293,2020/03/23,Andhra Pradesh,15.9129,79.74,7,7,0,0.0,0,0.0
294,2020/03/23,Bihar,25.0961,85.3131,2,1,1,0.5,0,0.0
295,2020/03/23,Chandigarh,30.7333,76.7794,6,6,0,0.0,0,0.0
296,2020/03/23,Chhattisgarh,21.2787,81.8661,1,1,0,0.0,0,0.0
297,2020/03/23,Delhi,28.7041,77.1025,29,23,1,0.034482758620689655,5,0.1724137931034483
298,2020/03/23,Gujarat,22.2587,71.1924,29,28,1,0.034482758620689655,0,0.0
299,2020/03/23,Haryana,29.0588,76.0856,26,15,0,0.0,11,0.4230769230769231
300,2020/03/23,Himachal Pradesh,31.1048,77.1734,2,2,0,0.0,0,0.0
301,2020/03/23,Jammu and Kashmir,33.7782,76.5762,4,4,0,0.0,0,0.0
302,2020/03/23,Karnataka,15.3173,75.7139,33,30,1,0.030303030303030304,2,0.06060606060606061
303,2020/03/23,Kerala,10.8505,76.2711,67,64,0,0.0,3,0.04477611940298507
304,2020/03/23,Ladakh,34.2996,78.2932,13,13,0,0.0,0,0.0
305,2020/03/23,Madhya Pradesh,22.9734,78.6569,6,6,0,0.0,0,0.0
306,2020/03/23,Maharashtra,19.7515,75.7139,74,72,2,0.02702702702702703,0,0.0
307,2020/03/23,Odisha,20.9517,85.0985,2,2,0,0.0,0,0.0
308,2020/03/23,Puducherry,11.9416,79.8083,1,1,0,0.0,0,0.0
309,2020/03/23,Punjab,31.1471,75.3412,21,20,1,0.047619047619047616,0,0.0
310,2020/03/23,Rajasthan,27.0238,74.2179,28,25,0,0.0,3,0.10714285714285714
311,2020/03/23,Tamil Nadu,11.1271,78.6569,9,8,0,0.0,1,0.1111111111111111
312,2020/03/23,Telengana,18.1124,79.0193,32,31,0,0.0,1,0.03125
313,2020/03/23,Uttar Pradesh,26.8467,80.9462,31,22,0,0.0,9,0.2903225806451613
314,2020/03/23,Uttarakhand,30.0668,79.0193,3,3,0,0.0,0,0.0
315,2020/03/23,West Bengal,22.9868,87.855,7,6,1,0.14285714285714285,0,0.0
316,2020/03/24,Andhra Pradesh,15.9129,79.74,8,8,0,0.0,0,0.0
317,2020/03/24,Bihar,25.0961,85.3131,3,2,1,0.3333333333333333,0,0.0
318,2020/03/24,Chandigarh,30.7333,76.7794,7,7,0,0.0,0,0.0
319,2020/03/24,Chhattisgarh,21.2787,81.8661,1,1,0,0.0,0,0.0
320,2020/03/24,Delhi,28.7041,77.1025,30,22,2,0.06666666666666667,6,0.2
321,2020/03/24,Gujarat,22.2587,71.1924,33,32,1,0.030303030303030304,0,0.0
322,2020/03/24,Haryana,29.0588,76.0856,28,17,0,0.0,11,0.39285714285714285
323,2020/03/24,Himachal Pradesh,31.1048,77.1734,3,2,1,0.3333333333333333,0,0.0
324,2020/03/24,Jammu and Kashmir,33.7782,76.5762,4,4,0,0.0,0,0.0
325,2020/03/24,Karnataka,15.3173,75.7139,37,33,1,0.02702702702702703,3,0.08108108108108109
326,2020/03/24,Kerala,10.8505,76.2711,95,91,0,0.0,4,0.042105263157894736
327,2020/03/24,Ladakh,34.2996,78.2932,13,13,0,0.0,0,0.0
328,2020/03/24,Madhya Pradesh,22.9734,78.6569,7,7,0,0.0,0,0.0
329,2020/03/24,Maharashtra,19.7515,75.7139,89,87,2,0.02247191011235955,0,0.0
330,2020/03/24,Manipur,24.6637,93.9063,1,1,0,0.0,0,0.0
331,2020/03/24,Odisha,20.9517,85.0985,2,2,0,0.0,0,0.0
332,2020/03/24,Puducherry,11.9416,79.8083,1,1,0,0.0,0,0.0
333,2020/03/24,Punjab,31.1471,75.3412,29,28,1,0.034482758620689655,0,0.0
334,2020/03/24,Rajasthan,27.0238,74.2179,32,29,0,0.0,3,0.09375
335,2020/03/24,Tamil Nadu,11.1271,78.6569,15,14,0,0.0,1,0.06666666666666667
336,2020/03/24,Telengana,18.1124,79.0193,35,34,0,0.0,1,0.02857142857142857
337,2020/03/24,Uttar Pradesh,26.8467,80.9462,33,22,0,0.0,11,0.3333333333333333
338,2020/03/24,Uttarakhand,30.0668,79.0193,4,4,0,0.0,0,0.0
339,2020/03/24,West Bengal,22.9868,87.855,9,8,1,0.1111111111111111,0,0.0
340,2020/03/25,Andhra Pradesh,15.9129,79.74,9,8,0,0.0,1,0.1111111111111111
341,2020/03/25,Bihar,25.0961,85.3131,4,3,1,0.25,0,0.0
342,2020/03/25,Chandigarh,30.7333,76.7794,7,7,0,0.0,0,0.0
343,2020/03/25,Chhattisgarh,21.2787,81.8661,1,1,0,0.0,0,0.0
344,2020/03/25,Delhi,28.7041,77.1025,31,24,1,0.03225806451612903,6,0.1935483870967742
345,2020/03/25,Gujarat,22.2587,71.1924,38,37,1,0.02631578947368421,0,0.0
346,2020/03/25,Haryana,29.0588,76.0856,28,17,0,0.0,11,0.39285714285714285
347,2020/03/25,Himachal Pradesh,31.1048,77.1734,3,2,1,0.3333333333333333,0,0.0
348,2020/03/25,Jammu and Kashmir,33.7782,76.5762,7,6,0,0.0,1,0.14285714285714285
349,2020/03/25,Karnataka,15.3173,75.7139,41,37,1,0.024390243902439025,3,0.07317073170731707
350,2020/03/25,Kerala,10.8505,76.2711,109,105,0,0.0,4,0.03669724770642202
351,2020/03/25,Ladakh,34.2996,78.2932,13,13,0,0.0,0,0.0
352,2020/03/25,Madhya Pradesh,22.9734,78.6569,14,14,0,0.0,0,0.0
353,2020/03/25,Maharashtra,19.7515,75.7139,128,124,3,0.0234375,1,0.0078125
354,2020/03/25,Manipur,24.6637,93.9063,1,1,0,0.0,0,0.0
355,2020/03/25,Mizoram,23.1645,92.9376,1,1,0,0.0,0,0.0
356,2020/03/25,Odisha,20.9517,85.0985,2,2,0,0.0,0,0.0
357,2020/03/25,Puducherry,11.9416,79.8083,1,1,0,0.0,0,0.0
358,2020/03/25,Punjab,31.1471,75.3412,29,28,1,0.034482758620689655,0,0.0
359,2020/03/25,Rajasthan,27.0238,74.2179,36,33,0,0.0,3,0.08333333333333333
360,2020/03/25,Tamil Nadu,11.1271,78.6569,18,17,0,0.0,1,0.05555555555555555
361,2020/03/25,Telengana,18.1124,79.0193,35,34,0,0.0,1,0.02857142857142857
362,2020/03/25,Uttar Pradesh,26.8467,80.9462,37,26,0,0.0,11,0.2972972972972973
363,2020/03/25,Uttarakhand,30.0668,79.0193,4,4,0,0.0,0,0.0
364,2020/03/25,West Bengal,22.9868,87.855,9,8,1,0.1111111111111111,0,0.0
365,2020/03/26,Andaman and Nicobar Islands,11.7401,92.6586,1,1,0,0.0,0,0.0
366,2020/03/26,Andhra Pradesh,15.9129,79.74,11,10,0,0.0,1,0.09090909090909091
367,2020/03/26,Bihar,25.0961,85.3131,6,5,1,0.16666666666666666,0,0.0
368,2020/03/26,Chandigarh,30.7333,76.7794,7,7,0,0.0,0,0.0
369,2020/03/26,Chhattisgarh,21.2787,81.8661,6,6,0,0.0,0,0.0
370,2020/03/26,Delhi,28.7041,77.1025,36,29,1,0.027777777777777776,6,0.16666666666666666
371,2020/03/26,Goa,15.2993,74.124,3,3,0,0.0,0,0.0
372,2020/03/26,Gujarat,22.2587,71.1924,43,40,3,0.06976744186046512,0,0.0
373,2020/03/26,Haryana,29.0588,76.0856,30,19,0,0.0,11,0.36666666666666664
374,2020/03/26,Himachal Pradesh,31.1048,77.1734,3,2,1,0.3333333333333333,0,0.0
375,2020/03/26,Jammu and Kashmir,33.7782,76.5762,13,11,1,0.07692307692307693,1,0.07692307692307693
376,2020/03/26,Karnataka,15.3173,75.7139,55,50,2,0.03636363636363636,3,0.05454545454545454
377,2020/03/26,Kerala,10.8505,76.2711,118,112,0,0.0,6,0.05084745762711865
378,2020/03/26,Ladakh,34.2996,78.2932,13,13,0,0.0,0,0.0
379,2020/03/26,Madhya Pradesh,22.9734,78.6569,20,19,1,0.05,0,0.0
380,2020/03/26,Maharashtra,19.7515,75.7139,124,120,3,0.024193548387096774,1,0.008064516129032258
381,2020/03/26,Manipur,24.6637,93.9063,1,1,0,0.0,0,0.0
382,2020/03/26,Mizoram,23.1645,92.9376,1,1,0,0.0,0,0.0
383,2020/03/26,Odisha,20.9517,85.0985,2,2,0,0.0,0,0.0
384,2020/03/26,Puducherry,11.9416,79.8083,1,1,0,0.0,0,0.0
385,2020/03/26,Punjab,31.1471,75.3412,33,32,1,0.030303030303030304,0,0.0
386,2020/03/26,Rajasthan,27.0238,74.2179,41,38,0,0.0,3,0.07317073170731707
387,2020/03/26,Tamil Nadu,11.1271,78.6569,26,24,1,0.038461538461538464,1,0.038461538461538464
388,2020/03/26,Telengana,18.1124,79.0193,44,43,0,0.0,1,0.022727272727272728
389,2020/03/26,Uttar Pradesh,26.8467,80.9462,41,30,0,0.0,11,0.2682926829268293
390,2020/03/26,Uttarakhand,30.0668,79.0193,5,5,0,0.0,0,0.0
391,2020/03/26,West Bengal,22.9868,87.855,10,9,1,0.1,0,0.0
392,2020/03/27,Andaman and Nicobar Islands,11.7401,92.6586,1,1,0,0.0,0,0.0
393,2020/03/27,Andhra Pradesh,15.9129,79.74,12,11,0,0.0,1,0.08333333333333333
394,2020/03/27,Bihar,25.0961,85.3131,6,5,1,0.16666666666666666,0,0.0
395,2020/03/27,Chandigarh,30.7333,76.7794,7,7,0,0.0,0,0.0
396,2020/03/27,Chhattisgarh,21.2787,81.8661,6,6,0,0.0,0,0.0
397,2020/03/27,Delhi,28.7041,77.1025,36,29,1,0.027777777777777776,6,0.16666666666666666
398,2020/03/27,Goa,15.2993,74.124,3,3,0,0.0,0,0.0
399,2020/03/27,Gujarat,22.2587,71.1924,43,40,3,0.06976744186046512,0,0.0
400,2020/03/27,Haryana,29.0588,76.0856,30,19,0,0.0,11,0.36666666666666664
401,2020/03/27,Himachal Pradesh,31.1048,77.1734,3,2,1,0.3333333333333333,0,0.0
402,2020/03/27,Jammu and Kashmir,33.7782,76.5762,13,11,1,0.07692307692307693,1,0.07692307692307693
403,2020/03/27,Karnataka,15.3173,75.7139,55,50,2,0.03636363636363636,3,0.05454545454545454
404,2020/03/27,Kerala,10.8505,76.2711,137,126,0,0.0,11,0.08029197080291971
405,2020/03/27,Ladakh,34.2996,78.2932,13,10,0,0.0,3,0.23076923076923078
406,2020/03/27,Madhya Pradesh,22.9734,78.6569,20,19,1,0.05,0,0.0
407,2020/03/27,Maharashtra,19.7515,75.7139,130,111,4,0.03076923076923077,15,0.11538461538461539
408,2020/03/27,Manipur,24.6637,93.9063,1,1,0,0.0,0,0.0
409,2020/03/27,Mizoram,23.1645,92.9376,1,1,0,0.0,0,0.0
410,2020/03/27,Odisha,20.9517,85.0985,2,2,0,0.0,0,0.0
411,2020/03/27,Puducherry,11.9416,79.8083,1,1,0,0.0,0,0.0
412,2020/03/27,Punjab,31.1471,75.3412,33,32,1,0.030303030303030304,0,0.0
413,2020/03/27,Rajasthan,27.0238,74.2179,41,38,0,0.0,3,0.07317073170731707
414,2020/03/27,Tamil Nadu,11.1271,78.6569,29,27,1,0.034482758620689655,1,0.034482758620689655
415,2020/03/27,Telengana,18.1124,79.0193,45,44,0,0.0,1,0.022222222222222223
416,2020/03/27,Uttar Pradesh,26.8467,80.9462,41,30,0,0.0,11,0.2682926829268293
417,2020/03/27,Uttarakhand,30.0668,79.0193,5,5,0,0.0,0,0.0
418,2020/03/27,West Bengal,22.9868,87.855,10,9,1,0.1,0,0.0
419,2020/03/28,Andaman and Nicobar Islands,11.7401,92.6586,6,6,0,0.0,0,0.0
420,2020/03/28,Andhra Pradesh,15.9129,79.74,14,13,0,0.0,1,0.07142857142857142
421,2020/03/28,Bihar,25.0961,85.3131,9,8,1,0.1111111111111111,0,0.0
422,2020/03/28,Chandigarh,30.7333,76.7794,8,8,0,0.0,0,0.0
423,2020/03/28,Chhattisgarh,21.2787,81.8661,6,6,0,0.0,0,0.0
424,2020/03/28,Delhi,28.7041,77.1025,39,32,1,0.02564102564102564,6,0.15384615384615385
425,2020/03/28,Goa,15.2993,74.124,3,3,0,0.0,0,0.0
426,2020/03/28,Gujarat,22.2587,71.1924,45,42,3,0.06666666666666667,0,0.0
427,2020/03/28,Haryana,29.0588,76.0856,33,21,0,0.0,12,0.36363636363636365
428,2020/03/28,Himachal Pradesh,31.1048,77.1734,3,2,1,0.3333333333333333,0,0.0
429,2020/03/28,Jammu and Kashmir,33.7782,76.5762,20,18,1,0.05,1,0.05
430,2020/03/28,Karnataka,15.3173,75.7139,55,50,2,0.03636363636363636,3,0.05454545454545454
431,2020/03/28,Kerala,10.8505,76.2711,176,165,0,0.0,11,0.0625
432,2020/03/28,Ladakh,34.2996,78.2932,13,10,0,0.0,3,0.23076923076923078
433,2020/03/28,Madhya Pradesh,22.9734,78.6569,30,28,2,0.06666666666666667,0,0.0
434,2020/03/28,Maharashtra,19.7515,75.7139,180,150,5,0.027777777777777776,25,0.1388888888888889
435,2020/03/28,Manipur,24.6637,93.9063,1,1,0,0.0,0,0.0
436,2020/03/28,Mizoram,23.1645,92.9376,1,1,0,0.0,0,0.0
437,2020/03/28,Odisha,20.9517,85.0985,3,3,0,0.0,0,0.0
438,2020/03/28,Puducherry,11.9416,79.8083,1,1,0,0.0,0,0.0
439,2020/03/28,Punjab,31.1471,75.3412,38,36,1,0.02631578947368421,1,0.02631578947368421
440,2020/03/28,Rajasthan,27.0238,74.2179,54,51,0,0.0,3,0.05555555555555555
441,2020/03/28,Tamil Nadu,11.1271,78.6569,40,37,1,0.025,2,0.05
442,2020/03/28,Telengana,18.1124,79.0193,56,55,0,0.0,1,0.017857142857142856
443,2020/03/28,Uttar Pradesh,26.8467,80.9462,55,44,0,0.0,11,0.2
444,2020/03/28,Uttarakhand,30.0668,79.0193,5,5,0,0.0,0,0.0
445,2020/03/28,West Bengal,22.9868,87.855,15,14,1,0.06666666666666667,0,0.0
446,2020/03/29,Andaman and Nicobar Islands,11.7401,92.6586,9,9,0,0.0,0,0.0
447,2020/03/29,Andhra Pradesh,15.9129,79.74,14,13,0,0.0,1,0.07142857142857142
448,2020/03/29,Bihar,25.0961,85.3131,9,8,1,0.1111111111111111,0,0.0
449,2020/03/29,Chandigarh,30.7333,76.7794,8,8,0,0.0,0,0.0
450,2020/03/29,Chhattisgarh,21.2787,81.8661,6,6,0,0.0,0,0.0
451,2020/03/29,Delhi,28.7041,77.1025,39,31,2,0.05128205128205128,6,0.15384615384615385
452,2020/03/29,Goa,15.2993,74.124,3,3,0,0.0,0,0.0
453,2020/03/29,Gujarat,22.2587,71.1924,53,49,4,0.07547169811320754,0,0.0
454,2020/03/29,Haryana,29.0588,76.0856,33,21,0,0.0,12,0.36363636363636365
455,2020/03/29,Himachal Pradesh,31.1048,77.1734,3,2,1,0.3333333333333333,0,0.0
456,2020/03/29,Jammu and Kashmir,33.7782,76.5762,31,29,1,0.03225806451612903,1,0.03225806451612903
457,2020/03/29,Karnataka,15.3173,75.7139,76,68,3,0.039473684210526314,5,0.06578947368421052
458,2020/03/29,Kerala,10.8505,76.2711,182,166,1,0.005494505494505495,15,0.08241758241758242
459,2020/03/29,Ladakh,34.2996,78.2932,13,10,0,0.0,3,0.23076923076923078
460,2020/03/29,Madhya Pradesh,22.9734,78.6569,30,28,2,0.06666666666666667,0,0.0
461,2020/03/29,Maharashtra,19.7515,75.7139,186,155,6,0.03225806451612903,25,0.13440860215053763
462,2020/03/29,Manipur,24.6637,93.9063,1,1,0,0.0,0,0.0
463,2020/03/29,Mizoram,23.1645,92.9376,1,1,0,0.0,0,0.0
464,2020/03/29,Odisha,20.9517,85.0985,3,3,0,0.0,0,0.0
465,2020/03/29,Puducherry,11.9416,79.8083,1,1,0,0.0,0,0.0
466,2020/03/29,Punjab,31.1471,75.3412,38,36,1,0.02631578947368421,1,0.02631578947368421
467,2020/03/29,Rajasthan,27.0238,74.2179,54,51,0,0.0,3,0.05555555555555555
468,2020/03/29,Tamil Nadu,11.1271,78.6569,42,39,1,0.023809523809523808,2,0.047619047619047616
469,2020/03/29,Telengana,18.1124,79.0193,66,64,1,0.015151515151515152,1,0.015151515151515152
470,2020/03/29,Uttar Pradesh,26.8467,80.9462,55,44,0,0.0,11,0.2
471,2020/03/29,Uttarakhand,30.0668,79.0193,6,5,0,0.0,1,0.16666666666666666
472,2020/03/29,West Bengal,22.9868,87.855,18,17,1,0.05555555555555555,0,0.0
473,2020/03/30,Andaman and Nicobar Islands,11.7401,92.6586,9,9,0,0.0,0,0.0
474,2020/03/30,Andhra Pradesh,15.9129,79.74,19,18,0,0.0,1,0.05263157894736842
475,2020/03/30,Bihar,25.0961,85.3131,11,10,1,0.09090909090909091,0,0.0
476,2020/03/30,Chandigarh,30.7333,76.7794,8,8,0,0.0,0,0.0
477,2020/03/30,Chhattisgarh,21.2787,81.8661,7,7,0,0.0,0,0.0
478,2020/03/30,Delhi,28.7041,77.1025,53,45,2,0.03773584905660377,6,0.11320754716981132
479,2020/03/30,Goa,15.2993,74.124,5,5,0,0.0,0,0.0
480,2020/03/30,Gujarat,22.2587,71.1924,58,52,5,0.08620689655172414,1,0.017241379310344827
481,2020/03/30,Haryana,29.0588,76.0856,33,16,0,0.0,17,0.5151515151515151
482,2020/03/30,Himachal Pradesh,31.1048,77.1734,3,2,1,0.3333333333333333,0,0.0
483,2020/03/30,Jammu and Kashmir,33.7782,76.5762,31,28,2,0.06451612903225806,1,0.03225806451612903
484,2020/03/30,Karnataka,15.3173,75.7139,80,72,3,0.0375,5,0.0625
485,2020/03/30,Kerala,10.8505,76.2711,194,174,1,0.005154639175257732,19,0.0979381443298969
486,2020/03/30,Ladakh,34.2996,78.2932,13,10,0,0.0,3,0.23076923076923078
487,2020/03/30,Madhya Pradesh,22.9734,78.6569,33,31,2,0.06060606060606061,0,0.0
488,2020/03/30,Maharashtra,19.7515,75.7139,193,160,8,0.04145077720207254,25,0.12953367875647667
489,2020/03/30,Manipur,24.6637,93.9063,1,1,0,0.0,0,0.0
490,2020/03/30,Mizoram,23.1645,92.9376,1,1,0,0.0,0,0.0
491,2020/03/30,Odisha,20.9517,85.0985,3,3,0,0.0,0,0.0
492,2020/03/30,Puducherry,11.9416,79.8083,1,1,0,0.0,0,0.0
493,2020/03/30,Punjab,31.1471,75.3412,38,36,1,0.02631578947368421,1,0.02631578947368421
494,2020/03/30,Rajasthan,27.0238,74.2179,57,54,0,0.0,3,0.05263157894736842
495,2020/03/30,Tamil Nadu,11.1271,78.6569,50,45,1,0.02,4,0.08
496,2020/03/30,Telengana,18.1124,79.0193,69,67,1,0.014492753623188406,1,0.014492753623188406
497,2020/03/30,Uttar Pradesh,26.8467,80.9462,75,64,0,0.0,11,0.14666666666666667
498,2020/03/30,Uttarakhand,30.0668,79.0193,7,5,0,0.0,2,0.2857142857142857
499,2020/03/30,West Bengal,22.9868,87.855,19,18,1,0.05263157894736842,0,0.0
500,2020/03/31,Andaman and Nicobar Islands,11.7401,92.6586,10,10,0,0.0,0,0.0
501,2020/03/31,Andhra Pradesh,15.9129,79.74,40,39,0,0.0,1,0.025
502,2020/03/31,Bihar,25.0961,85.3131,15,14,1,0.06666666666666667,0,0.0
503,2020/03/31,Chandigarh,30.7333,76.7794,13,13,0,0.0,0,0.0
504,2020/03/31,Chhattisgarh,21.2787,81.8661,8,8,0,0.0,0,0.0
505,2020/03/31,Delhi,28.7041,77.1025,97,89,2,0.020618556701030927,6,0.061855670103092786
506,2020/03/31,Goa,15.2993,74.124,5,5,0,0.0,0,0.0
507,2020/03/31,Gujarat,22.2587,71.1924,73,64,6,0.0821917808219178,3,0.0410958904109589
508,2020/03/31,Haryana,29.0588,76.0856,40,19,0,0.0,21,0.525
509,2020/03/31,Himachal Pradesh,31.1048,77.1734,3,2,1,0.3333333333333333,0,0.0
510,2020/03/31,Jammu and Kashmir,33.7782,76.5762,54,50,2,0.037037037037037035,2,0.037037037037037035
511,2020/03/31,Karnataka,15.3173,75.7139,83,75,3,0.03614457831325301,5,0.060240963855421686
512,2020/03/31,Kerala,10.8505,76.2711,234,214,1,0.004273504273504274,19,0.0811965811965812
513,2020/03/31,Ladakh,34.2996,78.2932,13,10,0,0.0,3,0.23076923076923078
514,2020/03/31,Madhya Pradesh,22.9734,78.6569,47,44,3,0.06382978723404255,0,0.0
515,2020/03/31,Maharashtra,19.7515,75.7139,216,168,9,0.041666666666666664,39,0.18055555555555555
516,2020/03/31,Manipur,24.6637,93.9063,1,1,0,0.0,0,0.0
517,2020/03/31,Mizoram,23.1645,92.9376,1,1,0,0.0,0,0.0
518,2020/03/31,Odisha,20.9517,85.0985,3,3,0,0.0,0,0.0
519,2020/03/31,Puducherry,11.9416,79.8083,1,1,0,0.0,0,0.0
520,2020/03/31,Punjab,31.1471,75.3412,41,37,3,0.07317073170731707,1,0.024390243902439025
521,2020/03/31,Rajasthan,27.0238,74.2179,74,71,0,0.0,3,0.04054054054054054
522,2020/03/31,Tamil Nadu,11.1271,78.6569,74,69,1,0.013513513513513514,4,0.05405405405405406
523,2020/03/31,Telengana,18.1124,79.0193,79,77,1,0.012658227848101266,1,0.012658227848101266
524,2020/03/31,Uttar Pradesh,26.8467,80.9462,101,87,0,0.0,14,0.13861386138613863
525,2020/03/31,Uttarakhand,30.0668,79.0193,7,5,0,0.0,2,0.2857142857142857
526,2020/03/31,West Bengal,22.9868,87.855,26,24,2,0.07692307692307693,0,0.0
527,2020/04/01,Andaman and Nicobar Islands,11.7401,92.6586,10,9,0,0.0,1,0.1
528,2020/04/01,Andhra Pradesh,15.9129,79.74,83,83,0,0.0,0,0.0
529,2020/04/01,Assam,26.2006,92.9376,1,1,0,0.0,0,0.0
530,2020/04/01,Bihar,25.0961,85.3131,23,22,1,0.043478260869565216,0,0.0
531,2020/04/01,Chandigarh,30.7333,76.7794,16,16,0,0.0,0,0.0
532,2020/04/01,Chhattisgarh,21.2787,81.8661,9,7,0,0.0,2,0.2222222222222222
533,2020/04/01,Delhi,28.7041,77.1025,152,144,2,0.013157894736842105,6,0.039473684210526314
534,2020/04/01,Goa,15.2993,74.124,5,5,0,0.0,0,0.0
535,2020/04/01,Gujarat,22.2587,71.1924,82,71,6,0.07317073170731707,5,0.06097560975609756
536,2020/04/01,Haryana,29.0588,76.0856,43,22,0,0.0,21,0.4883720930232558
537,2020/04/01,Himachal Pradesh,31.1048,77.1734,3,2,1,0.3333333333333333,0,0.0
538,2020/04/01,Jammu and Kashmir,33.7782,76.5762,62,58,2,0.03225806451612903,2,0.03225806451612903
539,2020/04/01,Jharkhand,23.6102,85.2799,1,1,0,0.0,0,0.0
540,2020/04/01,Karnataka,15.3173,75.7139,101,90,3,0.0297029702970297,8,0.07920792079207921
541,2020/04/01,Kerala,10.8505,76.2711,241,216,2,0.008298755186721992,23,0.0954356846473029
542,2020/04/01,Ladakh,34.2996,78.2932,13,10,0,0.0,3,0.23076923076923078
543,2020/04/01,Madhya Pradesh,22.9734,78.6569,66,63,3,0.045454545454545456,0,0.0
544,2020/04/01,Maharashtra,19.7515,75.7139,302,254,9,0.029801324503311258,39,0.1291390728476821
545,2020/04/01,Manipur,24.6637,93.9063,1,1,0,0.0,0,0.0
546,2020/04/01,Mizoram,23.1645,92.9376,1,1,0,0.0,0,0.0
547,2020/04/01,Odisha,20.9517,85.0985,4,4,0,0.0,0,0.0
548,2020/04/01,Puducherry,11.9416,79.8083,3,2,0,0.0,1,0.3333333333333333
549,2020/04/01,Punjab,31.1471,75.3412,42,38,3,0.07142857142857142,1,0.023809523809523808
550,2020/04/01,Rajasthan,27.0238,74.2179,93,90,0,0.0,3,0.03225806451612903
551,2020/04/01,Tamil Nadu,11.1271,78.6569,234,227,1,0.004273504273504274,6,0.02564102564102564
552,2020/04/01,Telengana,18.1124,79.0193,96,92,3,0.03125,1,0.010416666666666666
553,2020/04/01,Uttar Pradesh,26.8467,80.9462,103,87,2,0.019417475728155338,14,0.13592233009708737
554,2020/04/01,Uttarakhand,30.0668,79.0193,7,5,0,0.0,2,0.2857142857142857
555,2020/04/02,Andaman and Nicobar Islands,11.7401,92.6586,10,10,0,0.0,0,0.0
556,2020/04/02,Andhra Pradesh,15.9129,79.74,86,84,1,0.011627906976744186,1,0.011627906976744186
557,2020/04/02,Assam,26.2006,92.9376,1,1,0,0.0,0,0.0
558,2020/04/02,Bihar,25.0961,85.3131,23,22,1,0.043478260869565216,0,0.0
559,2020/04/02,Chandigarh,30.7333,76.7794,16,16,0,0.0,0,0.0
560,2020/04/02,Chhattisgarh,21.2787,81.8661,9,7,0,0.0,2,0.2222222222222222
561,2020/04/02,Delhi,28.7041,77.1025,152,144,2,0.013157894736842105,6,0.039473684210526314
562,2020/04/02,Goa,15.2993,74.124,5,5,0,0.0,0,0.0
563,2020/04/02,Gujarat,22.2587,71.1924,82,71,6,0.07317073170731707,5,0.06097560975609756
564,2020/04/02,Haryana,29.0588,76.0856,43,22,0,0.0,21,0.4883720930232558
565,2020/04/02,Himachal Pradesh,31.1048,77.1734,3,1,1,0.3333333333333333,1,0.3333333333333333
566,2020/04/02,Jammu and Kashmir,33.7782,76.5762,62,58,2,0.03225806451612903,2,0.03225806451612903
567,2020/04/02,Jharkhand,23.6102,85.2799,1,1,0,0.0,0,0.0
568,2020/04/02,Karnataka,15.3173,75.7139,110,98,3,0.02727272727272727,9,0.08181818181818182
569,2020/04/02,Kerala,10.8505,76.2711,265,238,2,0.007547169811320755,25,0.09433962264150944
570,2020/04/02,Ladakh,34.2996,78.2932,13,10,0,0.0,3,0.23076923076923078
571,2020/04/02,Madhya Pradesh,22.9734,78.6569,99,93,6,0.06060606060606061,0,0.0
572,2020/04/02,Maharashtra,19.7515,75.7139,335,280,13,0.03880597014925373,42,0.1253731343283582
573,2020/04/02,Manipur,24.6637,93.9063,1,1,0,0.0,0,0.0
574,2020/04/02,Mizoram,23.1645,92.9376,1,1,0,0.0,0,0.0
575,2020/04/02,Odisha,20.9517,85.0985,4,4,0,0.0,0,0.0
576,2020/04/02,Puducherry,11.9416,79.8083,3,2,0,0.0,1,0.3333333333333333
577,2020/04/02,Punjab,31.1471,75.3412,46,41,4,0.08695652173913043,1,0.021739130434782608
578,2020/04/02,Rajasthan,27.0238,74.2179,108,105,0,0.0,3,0.027777777777777776
579,2020/04/02,Tamil Nadu,11.1271,78.6569,234,227,1,0.004273504273504274,6,0.02564102564102564
580,2020/04/02,Telengana,18.1124,79.0193,96,92,3,0.03125,1,0.010416666666666666
581,2020/04/02,Uttar Pradesh,26.8467,80.9462,113,97,2,0.017699115044247787,14,0.12389380530973451
582,2020/04/02,Uttarakhand,30.0668,79.0193,7,5,0,0.0,2,0.2857142857142857
583,2020/04/03,Andaman and Nicobar Islands,11.7401,92.6586,10,10,0,0.0,0,0.0
584,2020/04/03,Andhra Pradesh,15.9129,79.74,132,130,1,0.007575757575757576,1,0.007575757575757576
585,2020/04/03,Arunachal Pradesh,28.218000000000004,94.7278,1,1,0,0.0,0,0.0
586,2020/04/03,Assam,26.2006,92.9376,16,16,0,0.0,0,0.0
587,2020/04/03,Bihar,25.0961,85.3131,24,23,1,0.041666666666666664,0,0.0
588,2020/04/03,Chandigarh,30.7333,76.7794,18,18,0,0.0,0,0.0
589,2020/04/03,Chhattisgarh,21.2787,81.8661,9,7,0,0.0,2,0.2222222222222222
590,2020/04/03,Delhi,28.7041,77.1025,219,207,4,0.0182648401826484,8,0.0365296803652968
591,2020/04/03,Goa,15.2993,74.124,6,6,0,0.0,0,0.0
592,2020/04/03,Gujarat,22.2587,71.1924,87,72,7,0.08045977011494253,8,0.09195402298850575
593,2020/04/03,Haryana,29.0588,76.0856,43,22,0,0.0,21,0.4883720930232558
594,2020/04/03,Himachal Pradesh,31.1048,77.1734,6,4,1,0.16666666666666666,1,0.16666666666666666
595,2020/04/03,Jammu and Kashmir,33.7782,76.5762,70,65,2,0.02857142857142857,3,0.04285714285714286
596,2020/04/03,Jharkhand,23.6102,85.2799,2,2,0,0.0,0,0.0
597,2020/04/03,Karnataka,15.3173,75.7139,124,111,3,0.024193548387096774,10,0.08064516129032258
598,2020/04/03,Kerala,10.8505,76.2711,286,257,2,0.006993006993006993,27,0.0944055944055944
599,2020/04/03,Ladakh,34.2996,78.2932,14,11,0,0.0,3,0.21428571428571427
600,2020/04/03,Madhya Pradesh,22.9734,78.6569,99,93,6,0.06060606060606061,0,0.0
601,2020/04/03,Maharashtra,19.7515,75.7139,335,277,16,0.04776119402985075,42,0.1253731343283582
602,2020/04/03,Manipur,24.6637,93.9063,2,2,0,0.0,0,0.0
603,2020/04/03,Mizoram,23.1645,92.9376,1,1,0,0.0,0,0.0
604,2020/04/03,Odisha,20.9517,85.0985,5,5,0,0.0,0,0.0
605,2020/04/03,Puducherry,11.9416,79.8083,3,2,0,0.0,1,0.3333333333333333
606,2020/04/03,Punjab,31.1471,75.3412,46,41,4,0.08695652173913043,1,0.021739130434782608
607,2020/04/03,Rajasthan,27.0238,74.2179,133,130,0,0.0,3,0.022556390977443608
608,2020/04/03,Tamil Nadu,11.1271,78.6569,309,302,1,0.003236245954692557,6,0.019417475728155338
609,2020/04/03,Telengana,18.1124,79.0193,107,103,3,0.028037383177570093,1,0.009345794392523364
610,2020/04/03,Uttar Pradesh,26.8467,80.9462,113,97,2,0.017699115044247787,14,0.12389380530973451
611,2020/04/03,Uttarakhand,30.0668,79.0193,10,8,0,0.0,2,0.2
612,2020/04/03,West Bengal,22.9868,87.855,53,47,3,0.05660377358490566,3,0.05660377358490566
613,2020/04/04,Andaman and Nicobar Islands,11.7401,92.6586,10,10,0,0.0,0,0.0
614,2020/04/04,Andhra Pradesh,15.9129,79.74,161,159,1,0.006211180124223602,1,0.006211180124223602
615,2020/04/04,Arunachal Pradesh,28.218000000000004,94.7278,1,1,0,0.0,0,0.0
616,2020/04/04,Assam,26.2006,92.9376,24,24,0,0.0,0,0.0
617,2020/04/04,Bihar,25.0961,85.3131,29,28,1,0.034482758620689655,0,0.0
618,2020/04/04,Chandigarh,30.7333,76.7794,18,18,0,0.0,0,0.0
619,2020/04/04,Chhattisgarh,21.2787,81.8661,9,6,0,0.0,3,0.3333333333333333
620,2020/04/04,Delhi,28.7041,77.1025,386,372,6,0.015544041450777202,8,0.02072538860103627
621,2020/04/04,Goa,15.2993,74.124,6,6,0,0.0,0,0.0
622,2020/04/04,Gujarat,22.2587,71.1924,95,76,9,0.09473684210526316,10,0.10526315789473684
623,2020/04/04,Haryana,29.0588,76.0856,49,25,0,0.0,24,0.4897959183673469
624,2020/04/04,Himachal Pradesh,31.1048,77.1734,6,4,1,0.16666666666666666,1,0.16666666666666666
625,2020/04/04,Jammu and Kashmir,33.7782,76.5762,75,70,2,0.02666666666666667,3,0.04
626,2020/04/04,Jharkhand,23.6102,85.2799,2,2,0,0.0,0,0.0
627,2020/04/04,Karnataka,15.3173,75.7139,128,113,3,0.0234375,12,0.09375
628,2020/04/04,Kerala,10.8505,76.2711,295,252,2,0.006779661016949152,41,0.13898305084745763
629,2020/04/04,Ladakh,34.2996,78.2932,14,11,0,0.0,3,0.21428571428571427
630,2020/04/04,Madhya Pradesh,22.9734,78.6569,104,98,6,0.057692307692307696,0,0.0
631,2020/04/04,Maharashtra,19.7515,75.7139,423,362,19,0.04491725768321513,42,0.09929078014184398
632,2020/04/04,Manipur,24.6637,93.9063,2,2,0,0.0,0,0.0
633,2020/04/04,Mizoram,23.1645,92.9376,1,1,0,0.0,0,0.0
634,2020/04/04,Odisha,20.9517,85.0985,5,5,0,0.0,0,0.0
635,2020/04/04,Puducherry,11.9416,79.8083,5,4,0,0.0,1,0.2
636,2020/04/04,Punjab,31.1471,75.3412,53,47,5,0.09433962264150944,1,0.018867924528301886
637,2020/04/04,Rajasthan,27.0238,74.2179,179,176,0,0.0,3,0.01675977653631285
638,2020/04/04,Tamil Nadu,11.1271,78.6569,411,404,1,0.0024330900243309003,6,0.014598540145985401
639,2020/04/04,Telengana,18.1124,79.0193,158,150,7,0.04430379746835443,1,0.006329113924050633
640,2020/04/04,Uttar Pradesh,26.8467,80.9462,174,153,2,0.011494252873563218,19,0.10919540229885058
641,2020/04/04,Uttarakhand,30.0668,79.0193,16,14,0,0.0,2,0.125
642,2020/04/05,Andaman and Nicobar Islands,11.7401,92.6586,10,10,0,0.0,0,0.0
643,2020/04/05,Andhra Pradesh,15.9129,79.74,161,159,1,0.006211180124223602,1,0.006211180124223602
644,2020/04/05,Arunachal Pradesh,28.218000000000004,94.7278,1,1,0,0.0,0,0.0
645,2020/04/05,Assam,26.2006,92.9376,24,24,0,0.0,0,0.0
646,2020/04/05,Bihar,25.0961,85.3131,30,29,1,0.03333333333333333,0,0.0
647,2020/04/05,Chandigarh,30.7333,76.7794,18,18,0,0.0,0,0.0
648,2020/04/05,Chhattisgarh,21.2787,81.8661,9,6,0,0.0,3,0.3333333333333333
649,2020/04/05,Delhi,28.7041,77.1025,445,424,6,0.01348314606741573,15,0.033707865168539325
650,2020/04/05,Goa,15.2993,74.124,7,7,0,0.0,0,0.0
651,2020/04/05,Gujarat,22.2587,71.1924,105,81,10,0.09523809523809523,14,0.13333333333333333
652,2020/04/05,Haryana,29.0588,76.0856,49,25,0,0.0,24,0.4897959183673469
653,2020/04/05,Himachal Pradesh,31.1048,77.1734,6,4,1,0.16666666666666666,1,0.16666666666666666
654,2020/04/05,Jammu and Kashmir,33.7782,76.5762,92,86,2,0.021739130434782608,4,0.043478260869565216
655,2020/04/05,Jharkhand,23.6102,85.2799,2,2,0,0.0,0,0.0
656,2020/04/05,Karnataka,15.3173,75.7139,144,128,4,0.027777777777777776,12,0.08333333333333333
657,2020/04/05,Kerala,10.8505,76.2711,306,255,2,0.006535947712418301,49,0.16013071895424835
658,2020/04/05,Ladakh,34.2996,78.2932,14,4,0,0.0,10,0.7142857142857143
659,2020/04/05,Madhya Pradesh,22.9734,78.6569,104,98,6,0.057692307692307696,0,0.0
660,2020/04/05,Maharashtra,19.7515,75.7139,490,424,24,0.04897959183673469,42,0.08571428571428572
661,2020/04/05,Manipur,24.6637,93.9063,2,2,0,0.0,0,0.0
662,2020/04/05,Mizoram,23.1645,92.9376,1,1,0,0.0,0,0.0
663,2020/04/05,Odisha,20.9517,85.0985,20,20,0,0.0,0,0.0
664,2020/04/05,Puducherry,11.9416,79.8083,5,4,0,0.0,1,0.2
665,2020/04/05,Punjab,31.1471,75.3412,57,51,5,0.08771929824561403,1,0.017543859649122806
666,2020/04/05,Rajasthan,27.0238,74.2179,200,179,0,0.0,21,0.105
667,2020/04/05,Tamil Nadu,11.1271,78.6569,485,476,3,0.006185567010309278,6,0.012371134020618556
668,2020/04/05,Telengana,18.1124,79.0193,269,230,7,0.026022304832713755,32,0.11895910780669144
669,2020/04/05,Uttar Pradesh,26.8467,80.9462,227,206,2,0.00881057268722467,19,0.08370044052863436
670,2020/04/05,Uttarakhand,30.0668,79.0193,22,20,0,0.0,2,0.09090909090909091
671,2020/04/05,West Bengal,22.9868,87.855,69,56,3,0.043478260869565216,10,0.14492753623188406
672,2020/04/06,Andaman and Nicobar Islands,11.7401,92.6586,10,10,0,0.0,0,0.0
673,2020/04/06,Andhra Pradesh,15.9129,79.74,226,222,3,0.01327433628318584,1,0.004424778761061947
674,2020/04/06,Arunachal Pradesh,28.218000000000004,94.7278,1,1,0,0.0,0,0.0
675,2020/04/06,Assam,26.2006,92.9376,26,26,0,0.0,0,0.0
676,2020/04/06,Bihar,25.0961,85.3131,30,29,1,0.03333333333333333,0,0.0
677,2020/04/06,Chandigarh,30.7333,76.7794,18,18,0,0.0,0,0.0
678,2020/04/06,Chhattisgarh,21.2787,81.8661,9,6,0,0.0,3,0.3333333333333333
679,2020/04/06,Delhi,28.7041,77.1025,503,478,7,0.013916500994035786,18,0.03578528827037773
680,2020/04/06,Goa,15.2993,74.124,7,7,0,0.0,0,0.0
681,2020/04/06,Gujarat,22.2587,71.1924,122,93,11,0.09016393442622951,18,0.14754098360655737
682,2020/04/06,Haryana,29.0588,76.0856,84,58,1,0.011904761904761904,25,0.2976190476190476
683,2020/04/06,Himachal Pradesh,31.1048,77.1734,13,11,1,0.07692307692307693,1,0.07692307692307693
684,2020/04/06,Jammu and Kashmir,33.7782,76.5762,106,100,2,0.018867924528301886,4,0.03773584905660377
685,2020/04/06,Jharkhand,23.6102,85.2799,3,3,0,0.0,0,0.0
686,2020/04/06,Karnataka,15.3173,75.7139,151,135,4,0.026490066225165563,12,0.07947019867549669
687,2020/04/06,Kerala,10.8505,76.2711,314,257,2,0.006369426751592357,55,0.1751592356687898
688,2020/04/06,Ladakh,34.2996,78.2932,14,4,0,0.0,10,0.7142857142857143
689,2020/04/06,Madhya Pradesh,22.9734,78.6569,165,156,9,0.05454545454545454,0,0.0
690,2020/04/06,Maharashtra,19.7515,75.7139,690,603,45,0.06521739130434782,42,0.06086956521739131
691,2020/04/06,Manipur,24.6637,93.9063,2,2,0,0.0,0,0.0
692,2020/04/06,Mizoram,23.1645,92.9376,1,1,0,0.0,0,0.0
693,2020/04/06,Odisha,20.9517,85.0985,21,19,0,0.0,2,0.09523809523809523
694,2020/04/06,Puducherry,11.9416,79.8083,5,4,0,0.0,1,0.2
695,2020/04/06,Punjab,31.1471,75.3412,68,58,6,0.08823529411764706,4,0.058823529411764705
696,2020/04/06,Rajasthan,27.0238,74.2179,253,232,0,0.0,21,0.08300395256916997
697,2020/04/06,Tamil Nadu,11.1271,78.6569,571,558,5,0.008756567425569177,8,0.014010507880910683
698,2020/04/06,Telengana,18.1124,79.0193,321,280,7,0.021806853582554516,34,0.1059190031152648
699,2020/04/06,Uttar Pradesh,26.8467,80.9462,227,206,2,0.00881057268722467,19,0.08370044052863436
700,2020/04/06,Uttarakhand,30.0668,79.0193,26,22,0,0.0,4,0.15384615384615385
701,2020/04/06,West Bengal,22.9868,87.855,80,67,3,0.0375,10,0.125
702,2020/04/07,Andaman and Nicobar Islands,11.7401,92.6586,10,10,0,0.0,0,0.0
703,2020/04/07,Andhra Pradesh,15.9129,79.74,266,262,3,0.011278195488721804,1,0.0037593984962406013
704,2020/04/07,Arunachal Pradesh,28.218000000000004,94.7278,1,1,0,0.0,0,0.0
705,2020/04/07,Assam,26.2006,92.9376,26,26,0,0.0,0,0.0
706,2020/04/07,Bihar,25.0961,85.3131,32,31,1,0.03125,0,0.0
707,2020/04/07,Chandigarh,30.7333,76.7794,18,18,0,0.0,0,0.0
708,2020/04/07,Chhattisgarh,21.2787,81.8661,10,2,0,0.0,8,0.8
709,2020/04/07,Delhi,28.7041,77.1025,523,497,7,0.01338432122370937,19,0.036328871892925434
710,2020/04/07,Goa,15.2993,74.124,7,7,0,0.0,0,0.0
711,2020/04/07,Gujarat,22.2587,71.1924,144,110,12,0.08333333333333333,22,0.1527777777777778
712,2020/04/07,Haryana,29.0588,76.0856,90,64,1,0.011111111111111112,25,0.2777777777777778
713,2020/04/07,Himachal Pradesh,31.1048,77.1734,13,10,1,0.07692307692307693,2,0.15384615384615385
714,2020/04/07,Jammu and Kashmir,33.7782,76.5762,109,103,2,0.01834862385321101,4,0.03669724770642202
715,2020/04/07,Jharkhand,23.6102,85.2799,4,4,0,0.0,0,0.0
716,2020/04/07,Karnataka,15.3173,75.7139,151,135,4,0.026490066225165563,12,0.07947019867549669
717,2020/04/07,Kerala,10.8505,76.2711,327,267,2,0.0061162079510703364,58,0.17737003058103976
718,2020/04/07,Ladakh,34.2996,78.2932,14,4,0,0.0,10,0.7142857142857143
719,2020/04/07,Madhya Pradesh,22.9734,78.6569,165,156,9,0.05454545454545454,0,0.0
720,2020/04/07,Maharashtra,19.7515,75.7139,748,647,45,0.06016042780748663,56,0.0748663101604278
721,2020/04/07,Manipur,24.6637,93.9063,2,2,0,0.0,0,0.0
722,2020/04/07,Mizoram,23.1645,92.9376,1,1,0,0.0,0,0.0
723,2020/04/07,Odisha,20.9517,85.0985,21,19,0,0.0,2,0.09523809523809523
724,2020/04/07,Puducherry,11.9416,79.8083,5,4,0,0.0,1,0.2
725,2020/04/07,Punjab,31.1471,75.3412,76,66,6,0.07894736842105263,4,0.05263157894736842
726,2020/04/07,Rajasthan,27.0238,74.2179,288,264,3,0.010416666666666666,21,0.07291666666666667
727,2020/04/07,Tamil Nadu,11.1271,78.6569,621,608,5,0.008051529790660225,8,0.01288244766505636
728,2020/04/07,Telengana,18.1124,79.0193,321,280,7,0.021806853582554516,34,0.1059190031152648
729,2020/04/07,Tripura,23.9408,91.9882,1,1,0,0.0,0,0.0
730,2020/04/07,Uttar Pradesh,26.8467,80.9462,305,281,3,0.009836065573770493,21,0.06885245901639345
731,2020/04/07,Uttarakhand,30.0668,79.0193,31,26,0,0.0,5,0.16129032258064516
732,2020/04/07,West Bengal,22.9868,87.855,91,75,3,0.03296703296703297,13,0.14285714285714285
733,2020/04/08,Andaman and Nicobar Islands,11.7401,92.6586,10,10,0,0.0,0,0.0
734,2020/04/08,Andhra Pradesh,15.9129,79.74,305,300,4,0.013114754098360656,1,0.003278688524590164
735,2020/04/08,Arunachal Pradesh,28.218000000000004,94.7278,1,1,0,0.0,0,0.0
736,2020/04/08,Assam,26.2006,92.9376,27,27,0,0.0,0,0.0
737,2020/04/08,Bihar,25.0961,85.3131,38,37,1,0.02631578947368421,0,0.0
738,2020/04/08,Chandigarh,30.7333,76.7794,18,11,0,0.0,7,0.3888888888888889
739,2020/04/08,Chhattisgarh,21.2787,81.8661,10,1,0,0.0,9,0.9
740,2020/04/08,Delhi,28.7041,77.1025,576,546,9,0.015625,21,0.036458333333333336
741,2020/04/08,Goa,15.2993,74.124,7,7,0,0.0,0,0.0
742,2020/04/08,Gujarat,22.2587,71.1924,165,127,13,0.07878787878787878,25,0.15151515151515152
743,2020/04/08,Haryana,29.0588,76.0856,147,116,3,0.02040816326530612,28,0.19047619047619047
744,2020/04/08,Himachal Pradesh,31.1048,77.1734,18,15,1,0.05555555555555555,2,0.1111111111111111
745,2020/04/08,Jammu and Kashmir,33.7782,76.5762,116,110,2,0.017241379310344827,4,0.034482758620689655
746,2020/04/08,Jharkhand,23.6102,85.2799,4,4,0,0.0,0,0.0
747,2020/04/08,Karnataka,15.3173,75.7139,175,146,4,0.022857142857142857,25,0.14285714285714285
748,2020/04/08,Kerala,10.8505,76.2711,336,264,2,0.005952380952380952,70,0.20833333333333334
749,2020/04/08,Ladakh,34.2996,78.2932,14,4,0,0.0,10,0.7142857142857143
750,2020/04/08,Madhya Pradesh,22.9734,78.6569,229,216,13,0.056768558951965066,0,0.0
751,2020/04/08,Maharashtra,19.7515,75.7139,1018,875,64,0.06286836935166994,79,0.07760314341846758
752,2020/04/08,Manipur,24.6637,93.9063,2,2,0,0.0,0,0.0
753,2020/04/08,Mizoram,23.1645,92.9376,1,1,0,0.0,0,0.0
754,2020/04/08,Odisha,20.9517,85.0985,42,39,1,0.023809523809523808,2,0.047619047619047616
755,2020/04/08,Puducherry,11.9416,79.8083,5,4,0,0.0,1,0.2
756,2020/04/08,Punjab,31.1471,75.3412,91,80,7,0.07692307692307693,4,0.04395604395604396
757,2020/04/08,Rajasthan,27.0238,74.2179,328,304,3,0.009146341463414634,21,0.06402439024390244
758,2020/04/08,Tamil Nadu,11.1271,78.6569,690,664,7,0.010144927536231883,19,0.02753623188405797
759,2020/04/08,Telengana,18.1124,79.0193,364,322,7,0.019230769230769232,35,0.09615384615384616
760,2020/04/08,Tripura,23.9408,91.9882,1,1,0,0.0,0,0.0
761,2020/04/08,Uttar Pradesh,26.8467,80.9462,326,302,3,0.009202453987730062,21,0.06441717791411043
762,2020/04/08,Uttarakhand,30.0668,79.0193,31,26,0,0.0,5,0.16129032258064516
763,2020/04/08,West Bengal,22.9868,87.855,99,81,5,0.050505050505050504,13,0.13131313131313133
764,2020/04/09,Andaman and Nicobar Islands,11.7401,92.6586,11,11,0,0.0,0,0.0
765,2020/04/09,Andhra Pradesh,15.9129,79.74,348,338,4,0.011494252873563218,6,0.017241379310344827
766,2020/04/09,Arunachal Pradesh,28.218000000000004,94.7278,1,1,0,0.0,0,0.0
767,2020/04/09,Assam,26.2006,92.9376,28,28,0,0.0,0,0.0
768,2020/04/09,Bihar,25.0961,85.3131,38,37,1,0.02631578947368421,0,0.0
769,2020/04/09,Chandigarh,30.7333,76.7794,18,11,0,0.0,7,0.3888888888888889
770,2020/04/09,Chhattisgarh,21.2787,81.8661,10,1,0,0.0,9,0.9
771,2020/04/09,Delhi,28.7041,77.1025,669,639,9,0.013452914798206279,21,0.03139013452914798
772,2020/04/09,Goa,15.2993,74.124,7,7,0,0.0,0,0.0
773,2020/04/09,Gujarat,22.2587,71.1924,179,138,16,0.0893854748603352,25,0.13966480446927373
774,2020/04/09,Haryana,29.0588,76.0856,147,116,3,0.02040816326530612,28,0.19047619047619047
775,2020/04/09,Himachal Pradesh,31.1048,77.1734,18,15,1,0.05555555555555555,2,0.1111111111111111
776,2020/04/09,Jammu and Kashmir,33.7782,76.5762,158,150,4,0.02531645569620253,4,0.02531645569620253
777,2020/04/09,Jharkhand,23.6102,85.2799,4,4,0,0.0,0,0.0
778,2020/04/09,Karnataka,15.3173,75.7139,181,148,5,0.027624309392265192,28,0.15469613259668508
779,2020/04/09,Kerala,10.8505,76.2711,345,260,2,0.005797101449275362,83,0.24057971014492754
780,2020/04/09,Ladakh,34.2996,78.2932,14,4,0,0.0,10,0.7142857142857143
781,2020/04/09,Madhya Pradesh,22.9734,78.6569,229,216,13,0.056768558951965066,0,0.0
782,2020/04/09,Maharashtra,19.7515,75.7139,1135,946,72,0.06343612334801763,117,0.10308370044052863
783,2020/04/09,Manipur,24.6637,93.9063,1,0,0,0.0,1,1.0
784,2020/04/09,Mizoram,23.1645,92.9376,1,1,0,0.0,0,0.0
785,2020/04/09,Odisha,20.9517,85.0985,42,39,1,0.023809523809523808,2,0.047619047619047616
786,2020/04/09,Puducherry,11.9416,79.8083,5,4,0,0.0,1,0.2
787,2020/04/09,Punjab,31.1471,75.3412,101,89,8,0.07920792079207921,4,0.039603960396039604
788,2020/04/09,Rajasthan,27.0238,74.2179,381,357,3,0.007874015748031496,21,0.05511811023622047
789,2020/04/09,Tamil Nadu,11.1271,78.6569,738,709,8,0.01084010840108401,21,0.028455284552845527
790,2020/04/09,Telengana,18.1124,79.0193,427,385,7,0.01639344262295082,35,0.08196721311475409
791,2020/04/09,Tripura,23.9408,91.9882,1,1,0,0.0,0,0.0
792,2020/04/09,Uttar Pradesh,26.8467,80.9462,361,330,4,0.0110803324099723,27,0.07479224376731301
793,2020/04/09,Uttarakhand,30.0668,79.0193,33,28,0,0.0,5,0.15151515151515152
794,2020/04/09,West Bengal,22.9868,87.855,103,82,5,0.04854368932038835,16,0.1553398058252427
795,2020/04/10,Andaman and Nicobar Islands,11.7401,92.6586,11,11,0,0.0,0,0.0
796,2020/04/10,Andhra Pradesh,15.9129,79.74,348,338,4,0.011494252873563218,6,0.017241379310344827
797,2020/04/10,Arunachal Pradesh,28.218000000000004,94.7278,1,1,0,0.0,0,0.0
798,2020/04/10,Assam,26.2006,92.9376,29,29,0,0.0,0,0.0
799,2020/04/10,Bihar,25.0961,85.3131,39,38,1,0.02564102564102564,0,0.0
800,2020/04/10,Chandigarh,30.7333,76.7794,18,11,0,0.0,7,0.3888888888888889
801,2020/04/10,Chhattisgarh,21.2787,81.8661,10,1,0,0.0,9,0.9
802,2020/04/10,Delhi,28.7041,77.1025,720,683,12,0.016666666666666666,25,0.034722222222222224
803,2020/04/10,Goa,15.2993,74.124,7,7,0,0.0,0,0.0
804,2020/04/10,Gujarat,22.2587,71.1924,241,198,17,0.07053941908713693,26,0.1078838174273859
805,2020/04/10,Haryana,29.0588,76.0856,169,137,3,0.01775147928994083,29,0.17159763313609466
806,2020/04/10,Himachal Pradesh,31.1048,77.1734,18,15,1,0.05555555555555555,2,0.1111111111111111
807,2020/04/10,Jammu and Kashmir,33.7782,76.5762,158,150,4,0.02531645569620253,4,0.02531645569620253
808,2020/04/10,Jharkhand,23.6102,85.2799,13,12,1,0.07692307692307693,0,0.0
809,2020/04/10,Karnataka,15.3173,75.7139,181,148,5,0.027624309392265192,28,0.15469613259668508
810,2020/04/10,Kerala,10.8505,76.2711,357,259,2,0.0056022408963585435,96,0.2689075630252101
811,2020/04/10,Ladakh,34.2996,78.2932,15,5,0,0.0,10,0.6666666666666666
812,2020/04/10,Madhya Pradesh,22.9734,78.6569,259,243,16,0.06177606177606178,0,0.0
813,2020/04/10,Maharashtra,19.7515,75.7139,1364,1142,97,0.07111436950146628,125,0.09164222873900293
814,2020/04/10,Manipur,24.6637,93.9063,2,1,0,0.0,1,0.5
815,2020/04/10,Mizoram,23.1645,92.9376,1,1,0,0.0,0,0.0
816,2020/04/10,Odisha,20.9517,85.0985,44,41,1,0.022727272727272728,2,0.045454545454545456
817,2020/04/10,Puducherry,11.9416,79.8083,5,4,0,0.0,1,0.2
818,2020/04/10,Punjab,31.1471,75.3412,101,89,8,0.07920792079207921,4,0.039603960396039604
819,2020/04/10,Rajasthan,27.0238,74.2179,463,439,3,0.0064794816414686825,21,0.04535637149028078
820,2020/04/10,Tamil Nadu,11.1271,78.6569,834,805,8,0.009592326139088728,21,0.025179856115107913
821,2020/04/10,Telengana,18.1124,79.0193,442,400,7,0.01583710407239819,35,0.07918552036199095
822,2020/04/10,Tripura,23.9408,91.9882,1,1,0,0.0,0,0.0
823,2020/04/10,Uttar Pradesh,26.8467,80.9462,410,375,4,0.00975609756097561,31,0.07560975609756097
824,2020/04/10,Uttarakhand,30.0668,79.0193,35,30,0,0.0,5,0.14285714285714285
825,2020/04/10,West Bengal,22.9868,87.855,116,95,5,0.04310344827586207,16,0.13793103448275862
826,2020/04/11,Andaman and Nicobar Islands,11.7401,92.6586,11,11,0,0.0,0,0.0
827,2020/04/11,Andhra Pradesh,15.9129,79.74,363,350,6,0.01652892561983471,7,0.01928374655647383
828,2020/04/11,Arunachal Pradesh,28.218000000000004,94.7278,1,1,0,0.0,0,0.0
829,2020/04/11,Assam,26.2006,92.9376,29,28,1,0.034482758620689655,0,0.0
830,2020/04/11,Bihar,25.0961,85.3131,60,59,1,0.016666666666666666,0,0.0
831,2020/04/11,Chandigarh,30.7333,76.7794,18,11,0,0.0,7,0.3888888888888889
832,2020/04/11,Chhattisgarh,21.2787,81.8661,18,9,0,0.0,9,0.5
833,2020/04/11,Delhi,28.7041,77.1025,903,865,13,0.014396456256921373,25,0.02768549280177187
834,2020/04/11,Goa,15.2993,74.124,7,6,0,0.0,1,0.14285714285714285
835,2020/04/11,Gujarat,22.2587,71.1924,308,258,19,0.06168831168831169,31,0.10064935064935066
836,2020/04/11,Haryana,29.0588,76.0856,177,145,3,0.01694915254237288,29,0.1638418079096045
837,2020/04/11,Himachal Pradesh,31.1048,77.1734,28,21,1,0.03571428571428571,6,0.21428571428571427
838,2020/04/11,Jammu and Kashmir,33.7782,76.5762,207,197,4,0.01932367149758454,6,0.028985507246376812
839,2020/04/11,Jharkhand,23.6102,85.2799,14,13,1,0.07142857142857142,0,0.0
840,2020/04/11,Karnataka,15.3173,75.7139,207,170,6,0.028985507246376812,31,0.1497584541062802
841,2020/04/11,Kerala,10.8505,76.2711,364,239,2,0.005494505494505495,123,0.33791208791208793
842,2020/04/11,Ladakh,34.2996,78.2932,15,5,0,0.0,10,0.6666666666666666
843,2020/04/11,Madhya Pradesh,22.9734,78.6569,435,402,33,0.07586206896551724,0,0.0
844,2020/04/11,Maharashtra,19.7515,75.7139,1574,1276,110,0.0698856416772554,188,0.11944091486658195
845,2020/04/11,Manipur,24.6637,93.9063,2,1,0,0.0,1,0.5
846,2020/04/11,Mizoram,23.1645,92.9376,1,1,0,0.0,0,0.0
847,2020/04/11,Odisha,20.9517,85.0985,48,45,1,0.020833333333333332,2,0.041666666666666664
848,2020/04/11,Puducherry,11.9416,79.8083,5,4,0,0.0,1,0.2
849,2020/04/11,Punjab,31.1471,75.3412,132,116,11,0.08333333333333333,5,0.03787878787878788
850,2020/04/11,Rajasthan,27.0238,74.2179,553,529,3,0.0054249547920434,21,0.0379746835443038
851,2020/04/11,Tamil Nadu,11.1271,78.6569,911,859,8,0.008781558726673985,44,0.048298572996706916
852,2020/04/11,Telengana,18.1124,79.0193,473,423,7,0.014799154334038054,43,0.09090909090909091
853,2020/04/11,Tripura,23.9408,91.9882,1,1,0,0.0,0,0.0
854,2020/04/11,Uttar Pradesh,26.8467,80.9462,431,395,4,0.009280742459396751,32,0.07424593967517401
855,2020/04/11,Uttarakhand,30.0668,79.0193,35,30,0,0.0,5,0.14285714285714285
856,2020/04/11,West Bengal,22.9868,87.855,116,95,5,0.04310344827586207,16,0.13793103448275862
857,2020/04/12,Andaman and Nicobar Islands,11.7401,92.6586,11,1,0,0.0,10,0.9090909090909091
858,2020/04/12,Andhra Pradesh,15.9129,79.74,381,364,6,0.015748031496062992,11,0.028871391076115485
859,2020/04/12,Arunachal Pradesh,28.218000000000004,94.7278,1,1,0,0.0,0,0.0
860,2020/04/12,Assam,26.2006,92.9376,29,28,1,0.034482758620689655,0,0.0
861,2020/04/12,Bihar,25.0961,85.3131,63,62,1,0.015873015873015872,0,0.0
862,2020/04/12,Chandigarh,30.7333,76.7794,19,12,0,0.0,7,0.3684210526315789
863,2020/04/12,Chhattisgarh,21.2787,81.8661,18,9,0,0.0,9,0.5
864,2020/04/12,Delhi,28.7041,77.1025,1069,1025,19,0.01777362020579981,25,0.023386342376052385
865,2020/04/12,Goa,15.2993,74.124,7,2,0,0.0,5,0.7142857142857143
866,2020/04/12,Gujarat,22.2587,71.1924,432,366,22,0.05092592592592592,44,0.10185185185185185
867,2020/04/12,Haryana,29.0588,76.0856,177,145,3,0.01694915254237288,29,0.1638418079096045
868,2020/04/12,Himachal Pradesh,31.1048,77.1734,32,25,1,0.03125,6,0.1875
869,2020/04/12,Jammu and Kashmir,33.7782,76.5762,207,197,4,0.01932367149758454,6,0.028985507246376812
870,2020/04/12,Jharkhand,23.6102,85.2799,17,16,1,0.058823529411764705,0,0.0
871,2020/04/12,Karnataka,15.3173,75.7139,214,171,6,0.028037383177570093,37,0.17289719626168223
872,2020/04/12,Kerala,10.8505,76.2711,364,239,2,0.005494505494505495,123,0.33791208791208793
873,2020/04/12,Ladakh,34.2996,78.2932,15,5,0,0.0,10,0.6666666666666666
874,2020/04/12,Madhya Pradesh,22.9734,78.6569,532,496,36,0.06766917293233082,0,0.0
875,2020/04/12,Maharashtra,19.7515,75.7139,1761,1426,127,0.07211811470755253,208,0.11811470755252697
876,2020/04/12,Manipur,24.6637,93.9063,2,1,0,0.0,1,0.5
877,2020/04/12,Mizoram,23.1645,92.9376,1,1,0,0.0,0,0.0
878,2020/04/12,Odisha,20.9517,85.0985,50,47,1,0.02,2,0.04
879,2020/04/12,Puducherry,11.9416,79.8083,7,6,0,0.0,1,0.14285714285714285
880,2020/04/12,Punjab,31.1471,75.3412,151,135,11,0.0728476821192053,5,0.033112582781456956
881,2020/04/12,Rajasthan,27.0238,74.2179,700,676,3,0.004285714285714286,21,0.03
882,2020/04/12,Tamil Nadu,11.1271,78.6569,969,915,10,0.010319917440660475,44,0.04540763673890609
883,2020/04/12,Telengana,18.1124,79.0193,504,452,9,0.017857142857142856,43,0.08531746031746032
884,2020/04/12,Tripura,23.9408,91.9882,2,2,0,0.0,0,0.0
885,2020/04/12,Uttar Pradesh,26.8467,80.9462,452,402,5,0.011061946902654867,45,0.09955752212389381
886,2020/04/12,Uttarakhand,30.0668,79.0193,35,30,0,0.0,5,0.14285714285714285
887,2020/04/12,West Bengal,22.9868,87.855,134,110,5,0.03731343283582089,19,0.1417910447761194
888,2020/04/13,Andaman and Nicobar Islands,11.7401,92.6586,11,1,0,0.0,10,0.9090909090909091
889,2020/04/13,Andhra Pradesh,15.9129,79.74,427,409,7,0.01639344262295082,11,0.02576112412177986
890,2020/04/13,Arunachal Pradesh,28.218000000000004,94.7278,1,1,0,0.0,0,0.0
891,2020/04/13,Assam,26.2006,92.9376,29,28,1,0.034482758620689655,0,0.0
892,2020/04/13,Bihar,25.0961,85.3131,64,44,1,0.015625,19,0.296875
893,2020/04/13,Chandigarh,30.7333,76.7794,21,14,0,0.0,7,0.3333333333333333
894,2020/04/13,Chhattisgarh,21.2787,81.8661,31,21,0,0.0,10,0.3225806451612903
895,2020/04/13,Delhi,28.7041,77.1025,1154,1103,24,0.02079722703639515,27,0.02339688041594454
896,2020/04/13,Goa,15.2993,74.124,7,2,0,0.0,5,0.7142857142857143
897,2020/04/13,Gujarat,22.2587,71.1924,516,447,25,0.04844961240310078,44,0.08527131782945736
898,2020/04/13,Haryana,29.0588,76.0856,185,153,3,0.016216216216216217,29,0.15675675675675677
899,2020/04/13,Himachal Pradesh,31.1048,77.1734,32,18,1,0.03125,13,0.40625
900,2020/04/13,Jammu and Kashmir,33.7782,76.5762,245,235,4,0.0163265306122449,6,0.024489795918367346
901,2020/04/13,Jharkhand,23.6102,85.2799,19,17,2,0.10526315789473684,0,0.0
902,2020/04/13,Karnataka,15.3173,75.7139,232,169,6,0.02586206896551724,57,0.24568965517241378
903,2020/04/13,Kerala,10.8505,76.2711,376,195,2,0.005319148936170213,179,0.47606382978723405
904,2020/04/13,Ladakh,34.2996,78.2932,15,5,0,0.0,10,0.6666666666666666
905,2020/04/13,Madhya Pradesh,22.9734,78.6569,564,528,36,0.06382978723404255,0,0.0
906,2020/04/13,Maharashtra,19.7515,75.7139,1985,1619,149,0.07506297229219143,217,0.1093198992443325
907,2020/04/13,Manipur,24.6637,93.9063,2,1,0,0.0,1,0.5
908,2020/04/13,Mizoram,23.1645,92.9376,1,1,0,0.0,0,0.0
909,2020/04/13,Odisha,20.9517,85.0985,54,41,1,0.018518518518518517,12,0.2222222222222222
910,2020/04/13,Puducherry,11.9416,79.8083,7,6,0,0.0,1,0.14285714285714285
911,2020/04/13,Punjab,31.1471,75.3412,151,135,11,0.0728476821192053,5,0.033112582781456956
912,2020/04/13,Rajasthan,27.0238,74.2179,804,780,3,0.0037313432835820895,21,0.026119402985074626
913,2020/04/13,Tamil Nadu,11.1271,78.6569,1043,982,11,0.010546500479386385,50,0.04793863854266539
914,2020/04/13,Telengana,18.1124,79.0193,504,452,9,0.017857142857142856,43,0.08531746031746032
915,2020/04/13,Tripura,23.9408,91.9882,2,2,0,0.0,0,0.0
916,2020/04/13,Uttar Pradesh,26.8467,80.9462,483,432,5,0.010351966873706004,46,0.09523809523809523
917,2020/04/13,Uttarakhand,30.0668,79.0193,35,30,0,0.0,5,0.14285714285714285
918,2020/04/13,West Bengal,22.9868,87.855,152,116,7,0.046052631578947366,29,0.19078947368421054
919,2020/04/15,Andaman and Nicobar Islands,11.7401,92.6586,11,1,0,0.0,10,0.9090909090909091
920,2020/04/15,Andhra Pradesh,15.9129,79.74,483,458,9,0.018633540372670808,16,0.033126293995859216
921,2020/04/15,Arunachal Pradesh,28.218000000000004,94.7278,1,1,0,0.0,0,0.0
922,2020/04/15,Assam,26.2006,92.9376,32,31,1,0.03125,0,0.0
923,2020/04/15,Bihar,25.0961,85.3131,66,36,1,0.015151515151515152,29,0.4393939393939394
924,2020/04/15,Chandigarh,30.7333,76.7794,21,14,0,0.0,7,0.3333333333333333
925,2020/04/15,Chhattisgarh,21.2787,81.8661,33,20,0,0.0,13,0.3939393939393939
926,2020/04/15,Delhi,28.7041,77.1025,1561,1501,30,0.019218449711723255,30,0.019218449711723255
927,2020/04/15,Goa,15.2993,74.124,7,2,0,0.0,5,0.7142857142857143
928,2020/04/15,Gujarat,22.2587,71.1924,650,563,28,0.043076923076923075,59,0.09076923076923077
929,2020/04/15,Haryana,29.0588,76.0856,199,162,3,0.01507537688442211,34,0.1708542713567839
930,2020/04/15,Himachal Pradesh,31.1048,77.1734,33,19,1,0.030303030303030304,13,0.3939393939393939
931,2020/04/15,Jammu and Kashmir,33.7782,76.5762,278,244,4,0.014388489208633094,30,0.1079136690647482
932,2020/04/15,Jharkhand,23.6102,85.2799,27,25,2,0.07407407407407407,0,0.0
933,2020/04/15,Karnataka,15.3173,75.7139,260,179,10,0.038461538461538464,71,0.27307692307692305
934,2020/04/15,Kerala,10.8505,76.2711,387,173,3,0.007751937984496124,211,0.5452196382428941
935,2020/04/15,Ladakh,34.2996,78.2932,17,7,0,0.0,10,0.5882352941176471
936,2020/04/15,Madhya Pradesh,22.9734,78.6569,730,629,50,0.0684931506849315,51,0.06986301369863014
937,2020/04/15,Maharashtra,19.7515,75.7139,2687,2250,178,0.06624488276888724,259,0.0963900260513584
938,2020/04/15,Manipur,24.6637,93.9063,2,1,0,0.0,1,0.5
939,2020/04/15,Meghalaya,25.467,91.3662,1,1,0,0.0,0,0.0
940,2020/04/15,Mizoram,23.1645,92.9376,1,1,0,0.0,0,0.0
941,2020/04/15,Nagaland,26.1584,94.5624,0,0,0,,0,
942,2020/04/15,Odisha,20.9517,85.0985,60,41,1,0.016666666666666666,18,0.3
943,2020/04/15,Puducherry,11.9416,79.8083,7,6,0,0.0,1,0.14285714285714285
944,2020/04/15,Punjab,31.1471,75.3412,176,150,12,0.06818181818181818,14,0.07954545454545454
945,2020/04/15,Rajasthan,27.0238,74.2179,969,819,3,0.0030959752321981426,147,0.15170278637770898
946,2020/04/15,Tamil Nadu,11.1271,78.6569,1204,1111,12,0.009966777408637873,81,0.06727574750830564
947,2020/04/15,Telengana,18.1124,79.0193,624,507,17,0.027243589743589744,100,0.16025641025641027
948,2020/04/15,Tripura,23.9408,91.9882,2,2,0,0.0,0,0.0
949,2020/04/15,Uttar Pradesh,26.8467,80.9462,660,605,5,0.007575757575757576,50,0.07575757575757576
950,2020/04/15,Uttarakhand,30.0668,79.0193,37,28,0,0.0,9,0.24324324324324326
951,2020/04/15,West Bengal,22.9868,87.855,213,169,7,0.03286384976525822,37,0.17370892018779344
